Equip nr,Equip size,Equip type,CBL no,HBL no,Vessel,POD,ETA,Pallets new (C),Packages,Pieces,Gross Weight,Description,PO,SKU,Destination,POL,Seal no,Flow,Service level,Categorization,Delivery nr,End det freetime,T1 latest validity date,Exp delivery date,Requested slot date,Requested slot time,Replan,Replan reason,Recommended exp delivery date,Reason code,Comment Maersk,Comment LGI,Time stamp,Actual Delivery Date DC,Invoice nr,Service Level Combined - Hidden
MRSU3032760,40,HIGH,MAEU/207286161,,MAERSK MC-KINNEY MOLLER,ROTTERDAM,2/15/2021,22,22,1848,"11.341,176",HP PRINTER,7002515457,5SE18B#BHC,Huenxe,LAEM CHABANG,TH5984742,REPLENISHMENT - PPS,P1T – HPS,,INT0050319,3/6/2021,3/1/2021,2/18/2021,,,,,,,,,,,MAEU207286161,P1T
CXRU1358925,40,HREF,ONEY/HANA68814400,,ONE CRANE,ROTTERDAM,2/22/2021,40,40,1849,"11.712,000",HP LBP L 4-1 S,52008362957002439842,7KW56A#B19,Huenxe,HAIPHONG,VN963816A,CANON,P1 – HPS,,52008362957002439842,3/10/2021,3/11/2021,2/28/2021,,,,,,,,,,,2101100003496,P1
ONEU0159956,40,HIGH,ONEY/HANA68814400,,ONE CRANE,ROTTERDAM,2/22/2021,42,42,1850,"13.843,200",HP LBP BASE 22,52008888047002522396,W2G54A#B19,Huenxe,HAIPHONG,VN974567A,CANON,P1 – HPS,,52008888047002522396,3/13/2021,3/11/2021,2/28/2021,,,,,,,,,,,2101100003520,P1
FFAU1477351,40,HIGH,ONEY/HANA68814400,,ONE CRANE,ROTTERDAM,2/22/2021,28,28,1851,"9.301,600",HP LBP WIRELES,52008888737002522399,W2G55A#B19,Huenxe,HAIPHONG,VN974573A,CANON,P1 – HPS,,52008888737002522399,3/13/2021,3/11/2021,2/28/2021,,,,,,,,,,,2101100003522,P1
KKFU6771410,40,HREF,ONEY/HANA68814400,,ONE CRANE,ROTTERDAM,2/22/2021,40,40,1852,"6.952,000",HP LBP DNW 220,52008363307002439847,7KW64A#B19,Huenxe,HAIPHONG,VN964306A,CANON,P1 – HPS,,52008363307002439847,3/10/2021,3/11/2021,2/28/2021,,,,,,,,,,,2101100003523,P1
MORU1115871,40,HREF,ONEY/HANA68814400,,ONE CRANE,ROTTERDAM,2/22/2021,42,42,1853,"11.621,400",HP LBP L SN 22,52008363387002439837,7KW54A#B19,Huenxe,HAIPHONG,VN963928A,CANON,P1 – HPS,,52008363387002439837,3/10/2021,3/11/2021,2/28/2021,,,,,,,,,,,2101100003494,P1
MORU1320032,40,HREF,ONEY/HANA68814400,,ONE CRANE,ROTTERDAM,2/22/2021,40,40,1854,"11.712,000",HP LBP L 4-1 S,52008362957002439842,7KW56A#B19,Huenxe,HAIPHONG,VN964276A,CANON,P1 – HPS,,52008362957002439842,3/10/2021,3/11/2021,2/28/2021,,,,,,,,,,,2101100003521,P1
MORU1322360,40,HREF,ONEY/HANA68814400,,ONE CRANE,ROTTERDAM,2/22/2021,42,42,1855,"11.621,400",HP LBP L SN 22,52008363387002439837,7KW54A#B19,Huenxe,HAIPHONG,VN964303A,CANON,P1 – HPS,,52008363387002439837,3/10/2021,3/11/2021,2/28/2021,,,,,,,,,,,2101100003513,P1
TCLU1491519,40,HIGH,ONEY/HANA68814400,,ONE CRANE,ROTTERDAM,2/22/2021,42,42,1856,"13.843,200",HP LBP BASE 22,52008888047002522396,W2G54A#B19,Huenxe,HAIPHONG,VN974568A,CANON,P1 – HPS,,52008888047002522396,3/13/2021,3/11/2021,2/28/2021,,,,,,,,,,,2101100003493,P1
TCNU7777981,40,HIGH,ONEY/HANA68814400,,ONE CRANE,ROTTERDAM,2/22/2021,42,42,1857,"13.952,400",HP LBP WIRELES,52008888737002522399,W2G55A#B19,Huenxe,HAIPHONG,VN974578A,CANON,P1 – HPS,,52008888737002522399,3/13/2021,3/11/2021,2/28/2021,,,,,,,,,,,2101100003495,P1
CSNU6413640,40,HIGH,PNVO/WH959900,,COSCO SHIPPING TAURUS,ROTTERDAM,2/23/2021,21,21,1858,"11.214,000",PRINTER,7002548677,7KW75A#B19,Huenxe,QINGDAO,P856724,REPLENISHMENT - PPS,P1 – HPS,,JAW0085344,3/14/2021,3/14/2021,3/1/2021,,,,,,,,,,,,P1
CSNU6418960,40,HIGH,PNVO/WH959640,,COSCO SHIPPING TAURUS,ROTTERDAM,2/23/2021,21,21,1859,"11.235,000",PRINTER,7002554783,7KW74A#B19,Huenxe,QINGDAO,P856688,REPLENISHMENT - PPS,P1 – HPS,,JAW0085332,3/14/2021,3/14/2021,3/1/2021,,,,,,,,,,,,P1
OOCU6955894,40,HIGH,PNVO/WH959640,,COSCO SHIPPING TAURUS,ROTTERDAM,2/23/2021,21,21,1860,"11.235,000",PRINTER,7002548677,7KW75A#B19,Huenxe,QINGDAO,P856725,REPLENISHMENT - PPS,P1 – HPS,,JAW0085323,3/14/2021,3/14/2021,3/1/2021,,,,,,,,,,,,P1
BEAU5807604,40,HIGH,PNVO/WH959900,,COSCO SHIPPING TAURUS,ROTTERDAM,2/23/2021,21,21,1861,"11.256,000",PRINTER,7002548677,7KW75A#B19,Huenxe,QINGDAO,P854509,REPLENISHMENT - PPS,P1 – HPS,,JAW0085343,3/14/2021,3/14/2021,3/1/2021,,,,,,,,,,,,P1
TGBU7909408,40,HIGH,PNVO/WH959900,,COSCO SHIPPING TAURUS,ROTTERDAM,2/23/2021,21,21,1862,"11.151,000",PRINTER,7002548677,7KW75A#B19,Huenxe,QINGDAO,P856603,REPLENISHMENT - PPS,P1 – HPS,,JAW0085362 JAW0085364,3/14/2021,3/14/2021,3/1/2021,,,,,,,,,,,,P1
OOLU8510435,40,HIGH,PNVO/SNZ1378200,,COSCO SHIPPING TAURUS,ROTTERDAM,2/23/2021,22,22,1863,"11.341,176",HP PRINTER,7002515448,5SE18B#BHC,Huenxe,LAEM CHABANG,18573344,REPLENISHMENT - PPS,P1 – HPS,,INT0050652,3/14/2021,3/14/2021,3/1/2021,,,,,,,,,,,PNVOSNZ1378200,P1
SEKU4552594,40,HIGH,PNVO/SNZ1378200,,COSCO SHIPPING TAURUS,ROTTERDAM,2/23/2021,22,22,1864,"11.341,176",HP PRINTER,7002515448,5SE18B#BHC,Huenxe,LAEM CHABANG,18573286,REPLENISHMENT - PPS,P1 – HPS,,INT0050650,3/14/2021,3/14/2021,3/1/2021,,,,,,,,,,,PNVOSNZ1378200,P1
TRHU5342432,40,HIGH,PNVO/SNZ1378200,,COSCO SHIPPING TAURUS,ROTTERDAM,2/23/2021,24,24,1865,"10.349,280",HP PRINTER,7002515495,5SE48B#BHC,Huenxe,LAEM CHABANG,18573272,REPLENISHMENT - PPS,P1 – HPS,,INT0050669,3/14/2021,3/14/2021,3/1/2021,,,,,,,,,,,PNVOSNZ1378200,P1
UETU5943502,40,HIGH,PNVO/SNZ1378200,,COSCO SHIPPING TAURUS,ROTTERDAM,2/23/2021,22,22,1866,"11.341,176",HP PRINTER,7002515448,5SE18B#BHC,Huenxe,LAEM CHABANG,18573296,REPLENISHMENT - PPS,P1 – HPS,,INT0050651,3/14/2021,3/14/2021,3/1/2021,,,,,,,,,,,PNVOSNZ1378200,P1
CSNU6692518,40,HIGH,PNVO/SNZ1378200,,COSCO SHIPPING TAURUS,ROTTERDAM,2/23/2021,22,22,1867,"10.824,000",HP PRINTER,7002515664,K7G25B#BHC,Huenxe,LAEM CHABANG,18573353,REPLENISHMENT - PPS,P1 – HPS,,INT0050646,3/14/2021,3/14/2021,3/1/2021,,,,,,,,,,,PNVOSNZ1378200,P1
FSCU9321886,40,HIGH,PNVO/SNZ1377700,,COSCO SHIPPING TAURUS,ROTTERDAM,2/23/2021,24,24,1868,"11.108,160",HP PRINTER,7002515390,3UK83B#A80,Huenxe,LAEM CHABANG,18575831,REPLENISHMENT - PPS,Standard – HP,,INT0050612,3/14/2021,3/14/2021,3/1/2021,,,,,,,,,,,PNVOSNZ1377700,Standard – HP
CSNU7634352,40,HIGH,PNVO/SNZ1377700,,COSCO SHIPPING TAURUS,ROTTERDAM,2/23/2021,24,24,1869,"11.108,160",HP PRINTER,7002515390,3UK83B#A80,Huenxe,LAEM CHABANG,18575834,REPLENISHMENT - PPS,Standard – HP,,INT0050611,3/14/2021,3/14/2021,3/1/2021,,,,,,,,,,,PNVOSNZ1377700,Standard – HP
OOCU8332419,40,HIGH,PNVO/SNZ1377700,,COSCO SHIPPING TAURUS,ROTTERDAM,2/23/2021,22,22,1870,"11.341,176",HP PRINTER,7002515443,5SE17B#BHC,Huenxe,LAEM CHABANG,18575760,REPLENISHMENT - PPS,P1 – HPS,,INT0050663,3/14/2021,3/14/2021,3/1/2021,,,,,,,,,,,PNVOSNZ1377700,P1
SEGU4878415,40,HIGH,PNVO/SNZ1377700,,COSCO SHIPPING TAURUS,ROTTERDAM,2/23/2021,22,22,1871,"11.341,176",HP PRINTER,7002515443,5SE17B#BHC,Huenxe,LAEM CHABANG,18575720,REPLENISHMENT - PPS,P1 – HPS,,INT0050661,3/14/2021,3/14/2021,3/1/2021,,,,,,,,,,,PNVOSNZ1377700,P1
TCNU3492785,40,HIGH,PNVO/SNZ1377700,,COSCO SHIPPING TAURUS,ROTTERDAM,2/23/2021,24,24,1872,"11.108,160",HP PRINTER,7002515390,3UK83B#A80,Huenxe,LAEM CHABANG,18575714,REPLENISHMENT - PPS,Standard – HP,,INT0050610,3/14/2021,3/14/2021,3/1/2021,,,,,,,,,,,PNVOSNZ1377700,Standard – HP
TCNU3985945,40,HIGH,PNVO/SNZ1377700,,COSCO SHIPPING TAURUS,ROTTERDAM,2/23/2021,22,22,1873,"11.341,176",HP PRINTER,7002515443,5SE17B#BHC,Huenxe,LAEM CHABANG,18575719,REPLENISHMENT - PPS,P1 – HPS,,INT0050660,3/14/2021,3/14/2021,3/1/2021,,,,,,,,,,,PNVOSNZ1377700,P1
TGBU5899430,40,HIGH,PNVO/SNZ1377700,,COSCO SHIPPING TAURUS,ROTTERDAM,2/23/2021,24,24,1874,"11.108,160",HP PRINTER,7002515390,3UK83B#A80,Huenxe,LAEM CHABANG,18573385,REPLENISHMENT - PPS,Standard – HP,,INT0050609,3/14/2021,3/14/2021,3/1/2021,,,,,,,,,,,PNVOSNZ1377700,Standard – HP
CBHU9095523,40,HIGH,PNVO/SNZ1377700,,COSCO SHIPPING TAURUS,ROTTERDAM,2/23/2021,22,22,1875,"11.341,176",HP PRINTER,7002515443,5SE17B#BHC,Huenxe,LAEM CHABANG,18575705,REPLENISHMENT - PPS,P1 – HPS,,INT0050662,3/14/2021,3/14/2021,3/1/2021,,,,,,,,,,,PNVOSNZ1377700,P1
CCLU7012807,40,HIGH,PNVO/SNZ1377700,,COSCO SHIPPING TAURUS,ROTTERDAM,2/23/2021,22,22,1876,"11.341,176",HP PRINTER,7002515448,5SE18B#BHC,Huenxe,LAEM CHABANG,18575710,REPLENISHMENT - PPS,P1 – HPS,,INT0050654,3/14/2021,3/14/2021,3/1/2021,,,,,,,,,,,PNVOSNZ1377700,P1
FCIU9850160,40,HIGH,PNVO/SNZ1377700,,COSCO SHIPPING TAURUS,ROTTERDAM,2/23/2021,24,24,1877,"11.108,160",HP PRINTER,7002601961,1KR50B#BHC,Huenxe,LAEM CHABANG,18575886,REPLENISHMENT - PPS,P1 – HPS,,INT0050728,3/14/2021,3/14/2021,3/1/2021,,,,,,,,,,,PNVOSNZ1377700,P1
FFAU2787562,40,HIGH,PNVO/SNZ1377700,,COSCO SHIPPING TAURUS,ROTTERDAM,2/23/2021,24,24,1878,"11.108,160",HP PRINTER,7002601961,1KR50B#BHC,Huenxe,LAEM CHABANG,18573210,REPLENISHMENT - PPS,P1 – HPS,,INT0050727,3/14/2021,3/14/2021,3/1/2021,,,,,,,,,,,PNVOSNZ1377700,P1
FFAU2896060,40,HIGH,PNVO/SNZ1377700,,COSCO SHIPPING TAURUS,ROTTERDAM,2/23/2021,24,24,1879,"11.108,160",HP PRINTER,7002515205 7002515245,1KR49B#A80 1KR50B#BHC,Huenxe,LAEM CHABANG,18575836,REPLENISHMENT - PPS,P1 – HPS,,INT0050614 INT0050615,3/14/2021,3/14/2021,3/1/2021,,,,,,,,,,,PNVOSNZ1377700,P1
FCIU9993243,40,HIGH,PNVO/WH028120,,COSCO SHIPPING TAURUS,ROTTERDAM,2/23/2021,60,60,1880,"4.970,360",7UQ76A#B19 SL-DSK502T/HPH,7002526003 7002526123,7UQ76A#B19 Y1G17A,Huenxe,QINGDAO,P856737,SDS,Standard – HP,,SDP1100740 SDP1100739,3/14/2021,3/14/2021,3/1/2021,,,,,,,,,,,9000029180 9000029149,Standard – HP
CSNU8032581,40,HIGH,PNVO/WH028120,,COSCO SHIPPING TAURUS,ROTTERDAM,2/23/2021,152,152,1881,"5.988,200",SL-PFP502D/HPH SL-HCF502B/HPH SL-FIN701H/HPH SL-HCF501B/HPH,7002526085 7002526099 7002526128 7002526130,Y1F97A Y1F99A Y1G18A Y1G21A,Huenxe,QINGDAO,P856648,SDS,Standard – HP,,SDP1100804 SDP1100802 SDP1100805 SDP1100803,3/14/2021,3/14/2021,3/1/2021,,,,,,,,,,,9000029181,Standard – HP
OOCU7457495,40,HIGH,PNVO/WH028120,,COSCO SHIPPING TAURUS,ROTTERDAM,2/23/2021,24,24,1882,"8.352,000",SL-C481FW/SEE,7002525924,4ZB97A#B19,Huenxe,QINGDAO,P856644,SDS,P1 – HPS,,SDP1100810,3/14/2021,3/14/2021,3/1/2021,,,,,,,,,,,9000029181,P1
OOCU7809317,40,HIGH,PNVO/WH021130,,COSCO SHIPPING TAURUS,ROTTERDAM,2/23/2021,46,46,1883,"8.290,450",209U7A#B19 6HU11A#B19,7002525849 7002525980,209U7A#B19 6HU11A#B19,Huenxe,QINGDAO,P856955,SDS,P1 – HPS,,SDP1100544 SDP1100543,3/14/2021,3/14/2021,3/1/2021,,,,,,,,,,,9000029129,P1
OOLU9565999,40,HIGH,PNVO/WH029960,,COSCO SHIPPING TAURUS,ROTTERDAM,2/23/2021,28,28,1884,"6.720,000",SL-X7401DT/HPH,7002525933,5CM63A#B19,Huenxe,QINGDAO,P856640,SDS,Standard – HP,,SDP1100944,3/14/2021,3/14/2021,3/1/2021,,,,,,,,,,,9000029182,Standard – HP
SEKU4019477,40,HIGH,PNVO/WH027050,,COSCO SHIPPING TAURUS,ROTTERDAM,2/23/2021,114,114,1885,"6.864,162",SL-PFP501D/HPH SL-FIN701B/HPH SL-DPX501/HPH,7002526090 7002526108 7002526132,Y1F98A Y1G07A Y1G23A,Huenxe,QINGDAO,P857787,SDS,Standard – HP,,SDP1100540 SDP1100541 SDP1100539,3/14/2021,3/14/2021,3/1/2021,,,,,,,,,,,9000029142,Standard – HP
TCKU7193031,40,HIGH,PNVO/WH029960,,COSCO SHIPPING TAURUS,ROTTERDAM,2/23/2021,24,24,1886,"4.432,320",8AF71A#B19,7002526036,8AF71A#B19,Huenxe,QINGDAO,P856720,SDS,Standard – HP,,SDP1100757,3/14/2021,3/14/2021,3/1/2021,,,,,,,,,,,9000029182,Standard – HP
TCKU7978111,40,HIGH,PNVO/WH027050,,COSCO SHIPPING TAURUS,ROTTERDAM,2/23/2021,96,96,1887,"5.227,650",7UQ75A#B19 8AF43A#B19 SL-FIN701B/HPH SL-DSK501T/HPH,7002525997 7002526021 7002526108 7002526122,7UQ75A#B19 8AF43A#B19 Y1G07A Y1G16A,Huenxe,QINGDAO,P856809,SDS,Standard – HP,,SDP1100747 SDP1100746 SDP1100748 SDP1100745,3/14/2021,3/14/2021,3/1/2021,,,,,,,,,,,9000029141 9000029140,Standard – HP
TGBU8733170,40,HIGH,PNVO/WH028120,,COSCO SHIPPING TAURUS,ROTTERDAM,2/23/2021,96,96,1888,"7.148,400",SL-M2090/SEE SL-M2090FW/SEE 6HU08A#B19 6HU12A#B19,7002525878 7002525895 7002525954 7002525989,4ZB82A#B19 4ZB84A#B19 6HU08A#B19 6HU12A#B19,Huenxe,QINGDAO,P856644,SDS,P1 – HPS,,SDP1100808 SDP1100807 SDP1100806 SDP1100809,3/14/2021,3/14/2021,3/1/2021,,,,,,,,,,,9000029181,P1
CBHU8391393,40,HIGH,PNVO/WH029960,,COSCO SHIPPING TAURUS,ROTTERDAM,2/23/2021,66,66,1889,"4.062,960",8AF43A#B19 8AF52A#B19 8AF71A#B19,7002526021 7002526029 7002526034,8AF43A#B19 8AF52A#B19 8AF71A#B19,Huenxe,QINGDAO,P856723,SDS,Standard – HP,,SDP1100744 SDP1100743 SDP1100742,3/14/2021,3/14/2021,3/1/2021,,,,,,,,,,,9000029182,Standard – HP
CCLU7364222,40,HIGH,PNVO/WH027050,,COSCO SHIPPING TAURUS,ROTTERDAM,2/23/2021,28,28,1890,"6.720,000",SL-K7400GX/HPH,7002526078,X3A82A#B19,Huenxe,QINGDAO,P856773,SDS,Standard – HP,,SDP1100542,3/14/2021,3/14/2021,3/1/2021,,,,,,,,,,,9000029142,Standard – HP
CSLU6069007,40,HIGH,PNVO/WH027050,,COSCO SHIPPING TAURUS,ROTTERDAM,2/23/2021,39,39,1891,"7.807,800",8GS50A#B19,7002526054,8GS50A#B19,Huenxe,QINGDAO,P856689,SDS,Standard – HP,,SDP1100545,3/14/2021,3/14/2021,3/1/2021,,,,,,,,,,,9000029142,Standard – HP
CSNU6896893,40,HIGH,PNVO/WH029960,,COSCO SHIPPING TAURUS,ROTTERDAM,2/23/2021,39,39,1892,"8.346,000",8GR94A#B19,7002526046,8GR94A#B19,Huenxe,QINGDAO,P856727,SDS,Standard – HP,,SDP1100741,3/14/2021,3/14/2021,3/1/2021,,,,,,,,,,,9000029182,Standard – HP
CSNU7124997,40,HIGH,PNVO/WH021130,,COSCO SHIPPING TAURUS,ROTTERDAM,2/23/2021,39,39,1893,"7.807,800",8GS50A#B19,7002526054,8GS50A#B19,Huenxe,QINGDAO,P857645,SDS,Standard – HP,,SDP1100531,3/14/2021,3/14/2021,3/1/2021,,,,,,,,,,,9000029129,Standard – HP
CSNU7209097,40,HIGH,PNVO/WH021130,,COSCO SHIPPING TAURUS,ROTTERDAM,2/23/2021,30,30,1894,"5.539,500",SL-FIN701H/HPH,7002486376,Y1G18A,Huenxe,QINGDAO,P856950,SDS,Standard – HP,,SDP1100538,3/14/2021,3/14/2021,3/1/2021,,,,,,,,,,,9000029129,Standard – HP
CSNU7253952,40,HIGH,PNVO/WH021130,,COSCO SHIPPING TAURUS,ROTTERDAM,2/23/2021,48,48,1895,"8.428,800",6HU08A#B19 6HU09A#B19,7002525954 7002525965,6HU08A#B19 6HU09A#B19,Huenxe,QINGDAO,P856908,SDS,P1 – HPS,,SDP1100631 SDP1100662,3/14/2021,3/14/2021,3/1/2021,,,,,,,,,,,9000029129,P1
HASU4147146,40,HIGH,MAEU/207650770,,METTE MAERSK,ROTTERDAM,2/25/2021,21,21,420,"11.592,000",PRINTER,7002517687,3QA55A#B19,Huenxe,QINGDAO,CN1463872,REPLENISHMENT - PPS,P1T – OPS,,JAW0085425,3/16/2021,To be created,2/28/2021,,,,,,,,ex 26.02.2021,,,,P1T
HASU4879091,40,HIGH,MAEU/207647840,,METTE MAERSK,ROTTERDAM,2/25/2021,21,21,630,"9.954,000",PRINTER,7002517694,W1A30A#B19,Huenxe,QINGDAO,CN1463874,REPLENISHMENT - PPS,P1T – OPS,,JAW0085394,3/16/2021,To be created,2/28/2021,,,,,,,,ex 26.02.2021,,,,P1T
MRKU5782708,40,HIGH,MAEU/207650770,,METTE MAERSK,ROTTERDAM,2/25/2021,21,21,630,"8.904,000",PRINTER,7002524641,W1A29A#B19,Huenxe,QINGDAO,CN1927916,REPLENISHMENT - PPS,P1T – OPS,,JAW0085417,3/16/2021,To be created,2/28/2021,,,,,,,,ex 26.02.2021,,,,P1T
MRKU5912838,40,HIGH,MAEU/207647844,,METTE MAERSK,ROTTERDAM,2/25/2021,21,21,420,"11.592,000",PRINTER,7002517687,3QA55A#B19,Huenxe,QINGDAO,CN1927906,REPLENISHMENT - PPS,P1T – OPS,,JAW0085414,3/16/2021,To be created,2/28/2021,,,,,,,,ex 26.02.2021,,,,P1T
BMOU4164576,40,HIGH,MAEU/207647848,,METTE MAERSK,ROTTERDAM,2/25/2021,21,21,630,"9.912,000",PRINTER,7002524637,W1A29A#B19,Huenxe,QINGDAO,CN1927896,REPLENISHMENT - PPS,P1T – OPS,,JAW0085430,3/16/2021,To be created,2/28/2021,,,,,,,,ex 26.02.2021,,,,P1T
MIEU3032601,40,HIGH,MAEU/207202362,,METTE MAERSK,ROTTERDAM,2/25/2021,21,21,630,"9.975,000",PRINTER,7002517686,3PZ55A#B19,Huenxe,QINGDAO,CN1927942,REPLENISHMENT - PPS,P1T – OPS,,JAW0085460,3/16/2021,To be created,2/28/2021,,,,,,,,ex 26.02.2021,,,,P1T
MRKU5307225,40,HIGH,MAEU/207337073,,METTE MAERSK,ROTTERDAM,2/25/2021,30,30,900,"8.820,000",HP PRINTER,7002515702,P4C78A#625,Huenxe,LAEM CHABANG,TH5971235,REPLENISHMENT - PPS,P1T – HPS,,INT0050627,3/16/2021,To be created,2/28/2021,,,,,,,,,,,MAEU207337073,P1T
MRKU5434467,40,HIGH,MAEU/207535593,,METTE MAERSK,ROTTERDAM,2/25/2021,30,30,900,"8.820,000",HP PRINTER,7002515702,P4C78A#625,Huenxe,LAEM CHABANG,TH5978022,REPLENISHMENT - PPS,P1T – HPS,,INT0050629,3/16/2021,To be created,2/28/2021,,,,,,,,,,,MAEU207535593,P1T
MRKU5762527,40,HIGH,MAEU/207535594,,METTE MAERSK,ROTTERDAM,2/25/2021,26,26,936,"9.734,400",HP PRINTER,7002515284,1KR66B#BHC,Huenxe,LAEM CHABANG,TH5968657,REPLENISHMENT - PPS,P1 – HPS,,INT0050742,3/16/2021,To be created,2/28/2021,,,,,,,,,,,MAEU207535594,P1
MRKU2071917,40,HIGH,MAEU/207535600,,METTE MAERSK,ROTTERDAM,2/25/2021,26,26,936,"9.734,400",HP PRINTER,7002515284,1KR66B#BHC,Huenxe,LAEM CHABANG,TH5947918,REPLENISHMENT - PPS,P1 – HPS,,INT0050740,3/16/2021,To be created,2/28/2021,,,,,,,,,,,MAEU207535600,P1
MRKU3756696,40,HIGH,MAEU/207535600,,METTE MAERSK,ROTTERDAM,2/25/2021,26,26,936,"9.734,400",HP PRINTER,7002515284,1KR66B#BHC,Huenxe,LAEM CHABANG,TH5947916,REPLENISHMENT - PPS,P1 – HPS,,INT0050739,3/16/2021,To be created,2/28/2021,,,,,,,,,,,MAEU207535600,P1
MRKU4390575,40,HIGH,MAEU/207337072,,METTE MAERSK,ROTTERDAM,2/25/2021,26,26,936,"9.734,400",HP PRINTER,7002515269,1KR65B#BHC,Huenxe,LAEM CHABANG,TH5982117,REPLENISHMENT - PPS,P1 – HPS,,INT0050723,3/16/2021,To be created,2/28/2021,,,,,,,,,,,MAEU207337072,P1
MRKU4773635,40,HIGH,MAEU/207647849,,METTE MAERSK,ROTTERDAM,2/25/2021,21,21,420,"11.812,500",PRINTER,7002528320,W1A79A#B19,Huenxe,QINGDAO,CN1927845,REPLENISHMENT - PPS,P1T – OPS,,JAW0085557,3/16/2021,To be created,2/28/2021,,,,,,,,ex 26.02.2021,,,,P1T
MRKU4793375,40,HIGH,MAEU/207535593,,METTE MAERSK,ROTTERDAM,2/25/2021,30,30,900,"8.820,000",HP PRINTER,7002515702,P4C78A#625,Huenxe,LAEM CHABANG,TH5978071,REPLENISHMENT - PPS,P1T – HPS,,INT0050628,3/16/2021,To be created,2/28/2021,,,,,,,,,,,MAEU207535593,P1T
MRSU3608048,40,HIGH,MAEU/207535594,,METTE MAERSK,ROTTERDAM,2/25/2021,30,30,900,"8.820,000",HP PRINTER,7002515744,P4C85A#BHC,Huenxe,LAEM CHABANG,TH5968654,REPLENISHMENT - PPS,P1T – HPS,,INT0050764,3/16/2021,To be created,2/28/2021,,,,,,,,,,,MAEU207535594,P1T
MRSU3873334,40,HIGH,MAEU/207535598,,METTE MAERSK,ROTTERDAM,2/25/2021,30,30,900,"8.820,000",HP PRINTER,7002515744,P4C85A#BHC,Huenxe,LAEM CHABANG,TH5971180,REPLENISHMENT - PPS,P1T – HPS,,INT0050762,3/16/2021,To be created,2/28/2021,,,,,,,,,,,MAEU207535598,P1T
MRSU4172684,40,HIGH,MAEU/207015691,,METTE MAERSK,ROTTERDAM,2/25/2021,21,21,630,"9.912,000",PRINTER,7002517684,3PZ75A#B19,Huenxe,QINGDAO,CN1463855,REPLENISHMENT - PPS,P1T – OPS,,JAW0085288,3/16/2021,To be created,2/28/2021,,,,,,,,ex 26.02.2021,,,,P1T
MSKU0448557,40,HIGH,MAEU/207647849,,METTE MAERSK,ROTTERDAM,2/25/2021,21,21,420,"11.812,500",PRINTER,7002517691,W1A79A#B19,Huenxe,QINGDAO,CN1463899,REPLENISHMENT - PPS,P1T – OPS,,JAW0085546,3/16/2021,To be created,2/28/2021,,,,,,,,ex 26.02.2021,,,,P1T
MSKU9821548,40,HIGH,MAEU/207647849,,METTE MAERSK,ROTTERDAM,2/25/2021,21,21,420,"11.812,500",PRINTER,7002528320,W1A79A#B19,Huenxe,QINGDAO,CN1927869,REPLENISHMENT - PPS,P1T – OPS,,JAW0085553,3/16/2021,To be created,2/28/2021,,,,,,,,ex 26.02.2021,,,,P1T
TCNU1930706,40,HIGH,MAEU/207647840,,METTE MAERSK,ROTTERDAM,2/25/2021,21,21,630,"9.996,000",PRINTER,7002517694,W1A30A#B19,Huenxe,QINGDAO,CN1927886,REPLENISHMENT - PPS,P1T – OPS,,JAW0085368,3/16/2021,To be created,2/28/2021,,,,,,,,ex 26.02.2021,,,,P1T
UETU5491064,40,HIGH,MAEU/207337073,,METTE MAERSK,ROTTERDAM,2/25/2021,30,30,900,"8.820,000",HP PRINTER,7002515764,P4C85A#BHC,Huenxe,LAEM CHABANG,TH5977406,REPLENISHMENT - PPS,P1T – HPS,,INT0050638,3/16/2021,To be created,2/28/2021,,,,,,,,,,,MAEU207337073,P1T
GESU6879083,40,HIGH,ONEY/MNLA37220600,,NYK ORPHEUS,ROTTERDAM,2/25/2021,42,42,945,"9.933,000",HP LBP SN 220V,52008888207002522367,W1A52A#B19,Huenxe,MANILA,PHAB49872,CANON,P1T – OPS,,52008888207002522367,3/16/2021,To be created,3/3/2021,,,,,,,,,,,2101100003517,P1T
MAGU5358780,40,HIGH,MAEU/207324709,,METTE MAERSK,ROTTERDAM,2/25/2021,42,42,945,"10.332,000",HP LBP DW 220,52008888107002522372,W1A56A#B19,Huenxe,MANILA,PH1383665,CANON,P1T – OPS,,52008888107002522372,3/9/2021,To be created,3/2/2021,,,,,,,,,,,2101100003515,P1T
TCNU1456053,40,HIGH,MAEU/207324709,,METTE MAERSK,ROTTERDAM,2/25/2021,42,42,945,"9.933,000",HP LBP SN 220V,52008887967002522368,W1A52A#B19,Huenxe,MANILA,PH1454162,CANON,P1T – OPS,,52008887967002522368,3/9/2021,To be created,3/2/2021,,,,,,,,,,,2101100003514,P1T
TCNU3189568,40,HIGH,MAEU/207324709,,METTE MAERSK,ROTTERDAM,2/25/2021,42,42,945,"10.009,000",HP LBP SN 220V HP LBP DW 220,52008887967002522368 52008888107002522372,W1A52A#B19 W1A56A#B19,Huenxe,MANILA,PH1454269,CANON,P1T – OPS,,52008888107002522372,3/9/2021,To be created,3/2/2021,,,,,,,,,,,2101100003510,P1T
SUDU5693400,40,HIGH,MAEU/207647840,,METTE MAERSK,ROTTERDAM,2/25/2021,21,21,630,"9.996,000",PRINTER,7002524649,W1A30A#B19,Huenxe,QINGDAO,CN1477312,REPLENISHMENT - PPS,P1 – OPS,,JAW0085384,3/16/2021,To be created,3/2/2021,,,,,,,,ex 26.02.2021,,,,P1
HASU4399662,40,HIGH,MAEU/207015691,,METTE MAERSK,ROTTERDAM,2/25/2021,21,21,504,"11.235,000",PRINTER,7002554783,7KW74A#B19,Huenxe,QINGDAO,CN1477383,REPLENISHMENT - PPS,P1 – HPS,,JAW0085325,3/16/2021,To be created,3/2/2021,,,,,,,,ex 26.02.2021,,,,P1
MRKU2477819,40,HIGH,MAEU/207647848,,METTE MAERSK,ROTTERDAM,2/25/2021,21,21,504,"11.172,000",PRINTER,7002548697,7KW75A#B19,Huenxe,QINGDAO,CN1927927,REPLENISHMENT - PPS,P1 – HPS,,JAW0085431,3/16/2021,To be created,3/2/2021,,,,,,,,ex 26.02.2021,,,,P1
MRKU4611784,40,HIGH,MAEU/207647844,,METTE MAERSK,ROTTERDAM,2/25/2021,21,21,630,"13.314,000",PRINTER,7002548615,7KW72A#B19,Huenxe,QINGDAO,CN1927905,REPLENISHMENT - PPS,P1 – HPS,,JAW0085412,3/16/2021,To be created,3/2/2021,,,,,,,,ex 26.02.2021,,,,P1
BEAU5199438,40,HIGH,MAEU/207337073,,METTE MAERSK,ROTTERDAM,2/25/2021,24,24,1008,"11.108,160",HP PRINTER,7002601961,1KR50B#BHC,Huenxe,LAEM CHABANG,TH5977447,REPLENISHMENT - PPS,P1 – HPS,,INT0050731,3/16/2021,To be created,3/2/2021,,,,,,,,,,,MAEU207337073,P1
TCKU6783413,40,HIGH,MAEU/207535599,,METTE MAERSK,ROTTERDAM,2/25/2021,22,22,1848,"11.341,176",HP PRINTER,7002515448,5SE18B#BHC,Huenxe,LAEM CHABANG,TH5978200,REPLENISHMENT - PPS,P1 – HPS,,INT0050653,3/16/2021,To be created,3/2/2021,,,,,,,,ex 26.02.2021,,,MAEU207535599,P1
TCKU6429797,40,HIGH,MAEU/207535595,,METTE MAERSK,ROTTERDAM,2/25/2021,22,22,1848,"11.341,176",HP PRINTER,7002515459,5SE20B#BHC,Huenxe,LAEM CHABANG,TH5968552,REPLENISHMENT - PPS,P1 – HPS,,INT0050792,3/16/2021,To be created,3/2/2021,,,,,,,,ex 26.02.2021,,,MAEU207535595,P1
HASU4175322,40,HIGH,MAEU/207535596,,METTE MAERSK,ROTTERDAM,2/25/2021,22,22,1848,"11.341,176",HP PRINTER,7002515459,5SE20B#BHC,Huenxe,LAEM CHABANG,TH5968531,REPLENISHMENT - PPS,P1 – HPS,,INT0050795,3/16/2021,To be created,3/2/2021,,,,,,,,ex 26.02.2021,,,MAEU207535596,P1
HASU4364901,40,HIGH,MAEU/207337077,,METTE MAERSK,ROTTERDAM,2/25/2021,22,22,1320,"10.824,000",HP PRINTER,7002515821,Z3M48B#BHC,Huenxe,LAEM CHABANG,TH5977383,REPLENISHMENT - PPS,P1 – HPS,,INT0050647,3/16/2021,To be created,3/2/2021,,,,,,,,ex 26.02.2021,,,MAEU207337077,P1
HASU4937979,40,HIGH,MAEU/207535594,,METTE MAERSK,ROTTERDAM,2/25/2021,24,24,1008,"11.108,160",HP PRINTER,7002515212 7002515255,1KR50B#BHC 1KR51B#BHC,Huenxe,LAEM CHABANG,TH5968660,REPLENISHMENT - PPS,P1 – HPS,,INT0050752 INT0050753,3/16/2021,To be created,3/2/2021,,,,,,,,,,,MAEU207535594,P1
MIEU0014287,40,HIGH,MAEU/207535600,,METTE MAERSK,ROTTERDAM,2/25/2021,22,22,1320,"10.824,000",HP PRINTER,7002515662,K7G25B#BHC,Huenxe,LAEM CHABANG,TH5947970,REPLENISHMENT - PPS,P1 – HPS,,INT0050772,3/16/2021,To be created,3/2/2021,,,,,,,,ex 26.02.2021,,,MAEU207535600,P1
MIEU2027730,40,HIGH,MAEU/207535594,,METTE MAERSK,ROTTERDAM,2/25/2021,22,22,1320,"10.824,000",HP PRINTER,7002515662,K7G25B#BHC,Huenxe,LAEM CHABANG,TH5968705,REPLENISHMENT - PPS,P1 – HPS,,INT0050773,3/16/2021,To be created,3/2/2021,,,,,,,,ex 26.02.2021,,,MAEU207535594,P1
MIEU3002680,40,HIGH,MAEU/207535599,,METTE MAERSK,ROTTERDAM,2/25/2021,22,22,1848,"11.341,176",HP PRINTER,7002515468,5SE22C#670,Huenxe,LAEM CHABANG,TH5971077,REPLENISHMENT - PPS,P1 – HPS,,INT0050781,3/16/2021,To be created,3/2/2021,,,,,,,,ex 26.02.2021,,,MAEU207535599,P1
MRKU5116975,40,HIGH,MAEU/207337073,,METTE MAERSK,ROTTERDAM,2/25/2021,24,24,1008,"11.108,160",HP PRINTER,7002601961,1KR50B#BHC,Huenxe,LAEM CHABANG,TH5977509,REPLENISHMENT - PPS,P1 – HPS,,INT0050732,3/16/2021,To be created,3/2/2021,,,,,,,,,,,MAEU207337073,P1
MRKU5322472,40,HIGH,MAEU/207337077,,METTE MAERSK,ROTTERDAM,2/25/2021,22,22,1848,"11.341,176",HP PRINTER,7002515443,5SE17B#BHC,Huenxe,LAEM CHABANG,TH5977346,REPLENISHMENT - PPS,P1 – HPS,,INT0050666,3/16/2021,To be created,3/2/2021,,,,,,,,ex 26.02.2021,,,MAEU207337077,P1
MRKU5398708,40,HIGH,MAEU/207535599,,METTE MAERSK,ROTTERDAM,2/25/2021,22,22,1848,"11.341,176",HP PRINTER,7002515448,5SE18B#BHC,Huenxe,LAEM CHABANG,TH5978185,REPLENISHMENT - PPS,P1 – HPS,,INT0050655,3/16/2021,To be created,3/2/2021,,,,,,,,ex 26.02.2021,,,MAEU207535599,P1
MRKU5598178,40,HIGH,MAEU/207535599,,METTE MAERSK,ROTTERDAM,2/25/2021,22,22,1848,"11.341,176",HP PRINTER,7002515448,5SE18B#BHC,Huenxe,LAEM CHABANG,TH5978193,REPLENISHMENT - PPS,P1 – HPS,,INT0050656,3/16/2021,To be created,3/2/2021,,,,,,,,ex 26.02.2021,,,MAEU207535599,P1
MRKU5679916,40,HIGH,MAEU/207535596,,METTE MAERSK,ROTTERDAM,2/25/2021,22,22,1848,"11.341,176",HP PRINTER,7002515459,5SE20B#BHC,Huenxe,LAEM CHABANG,TH5968515,REPLENISHMENT - PPS,P1 – HPS,,INT0050796,3/16/2021,To be created,3/2/2021,,,,,,,,ex 26.02.2021,,,MAEU207535596,P1
MRKU5700931,40,HIGH,MAEU/207337073,,METTE MAERSK,ROTTERDAM,2/25/2021,24,24,1008,"11.108,160",HP PRINTER,7002601961,1KR50B#BHC,Huenxe,LAEM CHABANG,TH5977448,REPLENISHMENT - PPS,P1 – HPS,,INT0050730,3/16/2021,To be created,3/2/2021,,,,,,,,,,,MAEU207337073,P1
MRKU2707399,40,HIGH,MAEU/207535593,,METTE MAERSK,ROTTERDAM,2/25/2021,24,24,1008,"11.108,160",HP PRINTER,7002601961,1KR50B#BHC,Huenxe,LAEM CHABANG,TH5978189,REPLENISHMENT - PPS,P1 – HPS,,INT0050735,3/16/2021,To be created,3/2/2021,,,,,,,,,,,MAEU207535593,P1
MRKU4045687,40,HIGH,MAEU/208007596,,METTE MAERSK,ROTTERDAM,2/25/2021,28,28,445,"1.120,100",HP PAGEWIDE,7002481450 7002481459 7002481470 7002632125,W1B43A W1B44A W1B45A,Huenxe,TANJUNG PELEPAS,MY0430493,REPLENISHMENT - PPS,Standard – HP,C-FIX,AFQ0007756 AFQ0007758 AFQ0007759 AFQ0007757,3/16/2021,To be created,3/2/2021,,,,,,,,ex 26.02.2021,,,MAEU208007596,Standard – HP
MRKU4439952,40,HIGH,MAEU/207337072,,METTE MAERSK,ROTTERDAM,2/25/2021,24,24,720,"10.224,000",HP PRINTER,7002601962,1MR78B#A80,Huenxe,LAEM CHABANG,TH5971189,REPLENISHMENT - PPS,P1 – HPS,,INT0050724,3/16/2021,To be created,3/2/2021,,,,,,,,,,,MAEU207337072,P1
MRKU4722875,40,HIGH,MAEU/207535596,,METTE MAERSK,ROTTERDAM,2/25/2021,24,24,1440,"10.349,280",HP PRINTER,7002515424,5SD78C#670,Huenxe,LAEM CHABANG,TH5979854,REPLENISHMENT - PPS,P1 – HPS,,INT0050800,3/16/2021,To be created,3/2/2021,,,,,,,,ex 26.02.2021,,,MAEU207535596,P1
MRKU6083161,40,HIGH,MAEU/207535598,,METTE MAERSK,ROTTERDAM,2/25/2021,24,24,1008,"11.108,160",HP PRINTER,7002601961,1KR50B#BHC,Huenxe,LAEM CHABANG,TH5977221,REPLENISHMENT - PPS,P1 – HPS,,INT0050736,3/16/2021,To be created,3/2/2021,,,,,,,,,,,MAEU207535598,P1
MRKU6223561,40,HIGH,MAEU/207535598,,METTE MAERSK,ROTTERDAM,2/25/2021,22,22,1848,"11.341,176",HP PRINTER,7002515448,5SE18B#BHC,Huenxe,LAEM CHABANG,TH5978255,REPLENISHMENT - PPS,P1 – HPS,,INT0050657,3/16/2021,To be created,3/2/2021,,,,,,,,ex 26.02.2021,,,MAEU207535598,P1
MRKU6393188,40,HIGH,MAEU/207535600,,METTE MAERSK,ROTTERDAM,2/25/2021,22,22,1320,"10.824,000",HP PRINTER,7002515662,K7G25B#BHC,Huenxe,LAEM CHABANG,TH5947129,REPLENISHMENT - PPS,P1 – HPS,,INT0050770,3/16/2021,To be created,3/2/2021,,,,,,,,ex 26.02.2021,,,MAEU207535600,P1
MRKU6484101,40,HIGH,MAEU/207535593,,METTE MAERSK,ROTTERDAM,2/25/2021,24,24,1008,"11.108,160",HP PRINTER,7002601961,1KR50B#BHC,Huenxe,LAEM CHABANG,TH5971023,REPLENISHMENT - PPS,P1 – HPS,,INT0050734,3/16/2021,To be created,3/2/2021,,,,,,,,,,,MAEU207535593,P1
MRKU8216371,20,DRY,MAEU/207535599,,METTE MAERSK,ROTTERDAM,2/25/2021,12,12,420,"4.628,400",HP PRINTER,7002515255,1KR51B#BHC,Huenxe,LAEM CHABANG,TH5979596,REPLENISHMENT - PPS,P1 – HPS,,INT0050754,3/16/2021,To be created,3/2/2021,,,,,,,,,,,MAEU207535599,P1
MRKU8692887,20,DRY,MAEU/207535598,,METTE MAERSK,ROTTERDAM,2/25/2021,11,11,378,"4.165,560",HP PRINTER,7002601961,1KR50B#BHC,Huenxe,LAEM CHABANG,TH5971177,REPLENISHMENT - PPS,P1 – HPS,,INT0050738 INT0050737,3/16/2021,To be created,3/2/2021,,,,,,,,,,,MAEU207535598,P1
MRKU8920539,20,DRY,MAEU/207337072,,METTE MAERSK,ROTTERDAM,2/25/2021,10,10,350,"3.857,000",HP PRINTER,7002515267,1KR55B#BHC,Huenxe,LAEM CHABANG,TH5982028,REPLENISHMENT - PPS,P1 – HPS,,INT0050626,3/16/2021,To be created,3/2/2021,,,,,,,,,,,MAEU207337072,P1
MRKU9776107,20,DRY,MAEU/207337072,,METTE MAERSK,ROTTERDAM,2/25/2021,10,10,350,"3.857,000",HP PRINTER,7002515267,1KR55B#BHC,Huenxe,LAEM CHABANG,TH5982032,REPLENISHMENT - PPS,P1 – HPS,,INT0050625,3/16/2021,To be created,3/2/2021,,,,,,,,,,,MAEU207337072,P1
MRSU3064535,40,HIGH,MAEU/207535595,,METTE MAERSK,ROTTERDAM,2/25/2021,22,22,1848,"11.341,176",HP PRINTER,7002515459,5SE20B#BHC,Huenxe,LAEM CHABANG,TH5979669,REPLENISHMENT - PPS,P1 – HPS,,INT0050793,3/16/2021,To be created,3/2/2021,,,,,,,,ex 26.02.2021,,,MAEU207535595,P1
MRSU3213095,40,HIGH,MAEU/207535596,,METTE MAERSK,ROTTERDAM,2/25/2021,22,22,1848,"11.341,176",HP PRINTER,7002515459,5SE20B#BHC,Huenxe,LAEM CHABANG,TH5979670,REPLENISHMENT - PPS,P1 – HPS,,INT0050794,3/16/2021,To be created,3/2/2021,,,,,,,,ex 26.02.2021,,,MAEU207535596,P1
MRSU3297692,40,HIGH,MAEU/207535595,,METTE MAERSK,ROTTERDAM,2/25/2021,22,22,1848,"11.341,176",HP PRINTER,7002515459,5SE20B#BHC,Huenxe,LAEM CHABANG,TH5968704,REPLENISHMENT - PPS,P1 – HPS,,INT0050791,3/16/2021,To be created,3/2/2021,,,,,,,,ex 26.02.2021,,,MAEU207535595,P1
MRSU3540740,40,HIGH,MAEU/207337077,,METTE MAERSK,ROTTERDAM,2/25/2021,22,22,1848,"11.341,176",HP PRINTER,7002515428,5SE16B#BHC,Huenxe,LAEM CHABANG,TH5971196,REPLENISHMENT - PPS,P1 – HPS,,INT0050659,3/16/2021,To be created,3/2/2021,,,,,,,,ex 26.02.2021,,,MAEU207337077,P1
MRSU3631156,40,HIGH,MAEU/207535593,,METTE MAERSK,ROTTERDAM,2/25/2021,24,24,1008,"11.108,160",HP PRINTER,7002601961,1KR50B#BHC,Huenxe,LAEM CHABANG,TH5978184,REPLENISHMENT - PPS,P1 – HPS,,INT0050733,3/16/2021,To be created,3/2/2021,,,,,,,,,,,MAEU207535593,P1
MRSU3695504,40,HIGH,MAEU/207337077,,METTE MAERSK,ROTTERDAM,2/25/2021,22,22,1848,"11.341,176",HP PRINTER,7002515443,5SE17B#BHC,Huenxe,LAEM CHABANG,TH5977367,REPLENISHMENT - PPS,P1 – HPS,,INT0050665,3/16/2021,To be created,3/2/2021,,,,,,,,ex 26.02.2021,,,MAEU207337077,P1
MRSU3930434,40,HIGH,MAEU/207535595,,METTE MAERSK,ROTTERDAM,2/25/2021,22,22,1848,"11.341,176",HP PRINTER,7002515459,5SE20B#BHC,Huenxe,LAEM CHABANG,TH5968607,REPLENISHMENT - PPS,P1 – HPS,,INT0050790,3/16/2021,To be created,3/2/2021,,,,,,,,ex 26.02.2021,,,MAEU207535595,P1
MSKU0944958,40,HIGH,MAEU/207535594,,METTE MAERSK,ROTTERDAM,2/25/2021,22,22,1320,"10.824,000",HP PRINTER,7002515824,Z3M48B#BHC,Huenxe,LAEM CHABANG,TH5968706,REPLENISHMENT - PPS,P1 – HPS,,INT0050777,3/16/2021,To be created,3/2/2021,,,,,,,,ex 26.02.2021,,,MAEU207535594,P1
MSKU4185607,20,DRY,MAEU/207650762,,METTE MAERSK,ROTTERDAM,2/25/2021,8,8,80,"1.800,000",PRINTER,7002531033,L2762A#B19,Huenxe,QINGDAO,CN1927881,REPLENISHMENT - PPS,P1 – OPS,,JAW0085437,3/16/2021,To be created,3/2/2021,,,,,,,,ex 26.02.2021,,,,P1
MSKU7636875,20,DRY,MAEU/207337072,,METTE MAERSK,ROTTERDAM,2/25/2021,10,10,1600,"5.280,000",HP PRINTER,7002515524,CZ993A#BHC,Huenxe,LAEM CHABANG,TH5983107,REPLENISHMENT - PPS,P1 – HPS,,INT0050779 INT0050778,3/16/2021,To be created,3/2/2021,,,,,,,,ex 26.02.2021,,,MAEU207337072,P1
MSKU9553770,40,HIGH,MAEU/207535600,,METTE MAERSK,ROTTERDAM,2/25/2021,22,22,1320,"10.824,000",HP PRINTER,7002515662,K7G25B#BHC,Huenxe,LAEM CHABANG,TH5947134,REPLENISHMENT - PPS,P1 – HPS,,INT0050771,3/16/2021,To be created,3/2/2021,,,,,,,,ex 26.02.2021,,,MAEU207535600,P1
PONU7798140,40,HIGH,MAEU/207308477,,METTE MAERSK,ROTTERDAM,2/25/2021,12,12,300,"1.140,000",SERVICE FLUID,7002481459,W1B44A,Huenxe,TANJUNG PELEPAS,MY0431539,REPLENISHMENT - PPS,Standard – HP,C-FIX,AFQ0007760,3/16/2021,To be created,3/2/2021,,,,,,,,ex 26.02.2021,,,MAEU207308477,Standard – HP
SUDU1897509,20,DRY,MAEU/207535598,,METTE MAERSK,ROTTERDAM,2/25/2021,12,12,1152,"5.519,232",HP PRINTER,7002515382,3DP65B#BHC,Huenxe,LAEM CHABANG,TH5979591,REPLENISHMENT - PPS,P1 – HPS,,INT0050673,3/16/2021,To be created,3/2/2021,,,,,,,,ex 26.02.2021,,,MAEU207535598,P1
SUDU5832168,40,HIGH,MAEU/207650762,,METTE MAERSK,ROTTERDAM,2/25/2021,21,21,504,"11.235,000",PRINTER,7002548616,7KW74A#B19,Huenxe,QINGDAO,CN1477305,REPLENISHMENT - PPS,P1 – HPS,,JAW0085419,3/16/2021,To be created,3/2/2021,,,,,,,,ex 26.02.2021,,,,P1
SUDU6709034,40,HIGH,MAEU/207202362,,METTE MAERSK,ROTTERDAM,2/25/2021,21,21,504,"11.340,000",PRINTER,7002548697,7KW75A#B19,Huenxe,QINGDAO,CN1927960,REPLENISHMENT - PPS,P1 – HPS,,JAW0085449,3/16/2021,To be created,3/2/2021,,,,,,,,ex 26.02.2021,,,,P1
SUDU6960184,40,HIGH,MAEU/207202362,,METTE MAERSK,ROTTERDAM,2/25/2021,21,21,504,"11.151,000",PRINTER,7002548697,7KW75A#B19,Huenxe,QINGDAO,CN1927982,REPLENISHMENT - PPS,P1 – HPS,,JAW0085443,3/16/2021,To be created,3/2/2021,,,,,,,,ex 26.02.2021,,,,P1
SUDU8894646,40,HIGH,MAEU/207535598,,METTE MAERSK,ROTTERDAM,2/25/2021,22,22,1848,"11.341,176",HP PRINTER,7002515433,5SE16B#BHC,Huenxe,LAEM CHABANG,TH5978123,REPLENISHMENT - PPS,P1 – HPS,,INT0050797,3/16/2021,To be created,3/2/2021,,,,,,,,ex 26.02.2021,,,MAEU207535598,P1
TCLU2453848,20,DRY,MAEU/207337072,,METTE MAERSK,ROTTERDAM,2/25/2021,10,10,350,"3.857,000",HP PRINTER,7002515267,1KR55B#BHC,Huenxe,LAEM CHABANG,TH5983160,REPLENISHMENT - PPS,P1 – HPS,,INT0050624,3/16/2021,To be created,3/2/2021,,,,,,,,,,,MAEU207337072,P1
TCLU9171548,40,HIGH,MAEU/207647848,,METTE MAERSK,ROTTERDAM,2/25/2021,21,21,504,"11.256,000",PRINTER,7002548697,7KW75A#B19,Huenxe,QINGDAO,CN1463884,REPLENISHMENT - PPS,P1 – HPS,,JAW0085426,3/16/2021,To be created,3/2/2021,,,,,,,,ex 26.02.2021,,,,P1
TCNU9046610,40,HIGH,MAEU/207337077,,METTE MAERSK,ROTTERDAM,2/25/2021,22,22,1848,"11.341,176",HP PRINTER,7002515443,5SE17B#BHC,Huenxe,LAEM CHABANG,TH5977401,REPLENISHMENT - PPS,P1 – HPS,,INT0050664,3/16/2021,To be created,3/2/2021,,,,,,,,,,,MAEU207337077,P1
TGBU6681946,40,HIGH,MAEU/207535595,,METTE MAERSK,ROTTERDAM,2/25/2021,22,22,1848,"11.341,176",HP PRINTER,7002515459,5SE20B#BHC,Huenxe,LAEM CHABANG,TH5979623,REPLENISHMENT - PPS,P1 – HPS,,INT0050789,3/16/2021,To be created,3/2/2021,,,,,,,,,,,MAEU207535595,P1
TRHU4803566,40,HIGH,MAEU/207015691,,METTE MAERSK,ROTTERDAM,2/25/2021,21,21,504,"11.235,000",PRINTER,7002548677,7KW75A#B19,Huenxe,QINGDAO,CN1463877,REPLENISHMENT - PPS,P1 – HPS,,JAW0085314,3/16/2021,To be created,3/2/2021,,,,,,,,ex 26.02.2021,,,,P1
TRLU8053600,40,HIGH,MAEU/207337072,,METTE MAERSK,ROTTERDAM,2/25/2021,24,24,720,"10.224,000",HP PRINTER,7002601963,1MR78B#A80,Huenxe,LAEM CHABANG,TH5977359,REPLENISHMENT - PPS,P1 – HPS,,INT0050725,3/16/2021,To be created,3/2/2021,,,,,,,,,,,MAEU207337072,P1
HASU4023818,40,HIGH,MAEU/207404837,,METTE MAERSK,ROTTERDAM,2/25/2021,78,78,348,"7.063,720",6HU11A#B19 SL-X7400GX/HPH SL-DSK502T/HPH,7002525971 7002526069 7002526125,6HU11A#B19 X3A76A#B19 Y1G17A,Huenxe,QINGDAO,CN1477307,SDS,P1 – HPS,,SDP1100107 SDP1100106 SDP1100105,3/16/2021,To be created,3/2/2021,,,,,,,,,,,9000029060,P1
HASU4756029,40,HIGH,MAEU/207580886,,METTE MAERSK,ROTTERDAM,2/25/2021,60,60,672,"9.242,880",SL-C431W/SEE 7UQ76A#B19,7002525912 7002526003,4ZB95A#B19 7UQ76A#B19,Huenxe,QINGDAO,CN1463844,SDS,P1 – HPS,,SDP1100282 SDP1100281,3/16/2021,To be created,3/2/2021,,,,,,,,,,,9000028988,P1
MRKU3520313,40,HIGH,MAEU/207404956,,METTE MAERSK,ROTTERDAM,2/25/2021,28,28,56,"7.467,040",SL-X7400GX/HPH,7002526071,X3A76A#B19,Huenxe,QINGDAO,CN1463857,SDS,Standard – HP,C-FIX,SDP1100525,3/16/2021,To be created,3/2/2021,,,,,,,,ex 26.02.2021,,,9000029035,Standard – HP
MRKU4972133,40,HIGH,MAEU/207580886,,METTE MAERSK,ROTTERDAM,2/25/2021,235,235,276,"5.725,680",8AF52A#B19 SL-SCF2080/HCH SL-PFP501D/HPH SL-DSK501T/HPH SL-DSK502T/HPH,7002526025 7002526056 7002526097 7002526119 7002526125,8AF52A#B19 X0R64A Y1F98A Y1G16A Y1G17A,Huenxe,QINGDAO,CN1463851,SDS,Standard – HP,C-FIX,SDP1100292 SDP1100293 SDP1100295 SDP1100294 SDP1100271,3/16/2021,To be created,3/2/2021,,,,,,,,ex 26.02.2021,,,9000028987 9000028986,Standard – HP
MRSU3670722,40,HIGH,MAEU/207404837,,METTE MAERSK,ROTTERDAM,2/25/2021,25,25,300,"3.945,000",SL-DSK502T/HPH,7002526125,Y1G17A,Huenxe,QINGDAO,CN1477304,SDS,Standard – HP,C-FIX,SDP1100104,3/16/2021,To be created,3/2/2021,,,,,,,,ex 26.02.2021,,,9000029060,Standard – HP
SUDU8714472,40,HIGH,MAEU/207404837,,METTE MAERSK,ROTTERDAM,2/25/2021,52,52,728,"7.443,800",209U6A#B19 6HU11A#B19,7002525838 7002525980,209U6A#B19 6HU11A#B19,Huenxe,QINGDAO,CN1463866,SDS,P1 – HPS,,SDP1100528 SDP1100527,3/16/2021,To be created,3/2/2021,,,,,,,,,,,9000029060,P1
SUDU8890656,40,HIGH,MAEU/207404956,,METTE MAERSK,ROTTERDAM,2/25/2021,28,28,56,"6.720,000",SL-K7400GX/HPH,7002526076,X3A82A#B19,Huenxe,QINGDAO,CN1463876,SDS,Standard – HP,C-FIX,SDP1100526,3/16/2021,To be created,3/2/2021,,,,,,,,,,,9000029035,Standard – HP
TCKU6441283,40,HIGH,MAEU/207580886,,METTE MAERSK,ROTTERDAM,2/25/2021,75,75,1264,"10.904,000",SL-M2040/SEE SL-C431/SEE SL-C431W/SEE,7002525858 7002525901 7002525912,4ZB77A#B19 4ZB94A#B19 4ZB95A#B19,Huenxe,QINGDAO,CN1463850,SDS,P1 – HPS,,SDP1100275 SDP1100276 SDP1100277,3/16/2021,To be created,3/2/2021,,,,,,,,,,,9000028988,P1
TRHU4088508,40,HIGH,MAEU/207580886,,METTE MAERSK,ROTTERDAM,2/25/2021,84,84,548,"6.939,640",SL-M2090FW/SEE SL-M2090R/XEV 7UQ76A#B19,7002525890 7002525951 7002526003,4ZB84A#B19 5UE15A#B19 7UQ76A#B19,Huenxe,QINGDAO,CN1463856,SDS,P1 – HPS,,SDP1100278 SDP1100279 SDP1100280,3/16/2021,To be created,3/2/2021,,,,,,,,,,,9000028988,P1
MRKU2236600,40,HIGH,MAEU/207446786,,METTE MAERSK,ROTTERDAM,2/25/2021,86,86,209,"5.493,950",SL-PFP502D/HPH SL-FIN701H/HPH,7002526085 7002526128,Y1F97A Y1G18A,Huenxe,QINGDAO,CN1927998,SDS,Standard – HP,C-FIX,SDP1100947 SDP1100948,3/16/2021,To be created,3/2/2021,,,,,,,,,,,9000029184,Standard – HP
MRKU3388486,40,HIGH,MAEU/207447187,,METTE MAERSK,ROTTERDAM,2/25/2021,39,39,78,"8.346,000",8GR94A#B19,7002526050,8GR94A#B19,Huenxe,QINGDAO,CN1463895,SDS,Standard – HP,C-FIX,SDP1101024,3/16/2021,To be created,3/2/2021,,,,,,,,,,,9000029251,Standard – HP
MRKU3453283,40,HIGH,MAEU/207447187,,METTE MAERSK,ROTTERDAM,2/25/2021,78,78,268,"5.425,800",7YG00A SL-FIN701B/HPH SL-DSK502T/HPH,7002526013 7002526104 7002526126,7YG00A Y1G07A Y1G17A,Huenxe,QINGDAO,CN1927952,SDS,Standard – HP,C-FIX,SDP1101023 SDP1101021 SDP1101022,3/16/2021,To be created,3/2/2021,,,,,,,,,,,9000029248 9000029249,Standard – HP
MRKU4492026,40,HIGH,MAEU/207447187,,METTE MAERSK,ROTTERDAM,2/25/2021,28,28,56,"6.720,000",SL-K7400GX/HPH,7002526073,X3A82A#B19,Huenxe,QINGDAO,CN1927951,SDS,Standard – HP,C-FIX,SDP1101027,3/16/2021,To be created,3/2/2021,,,,,,,,,,,9000029251,Standard – HP
MSKU9851650,40,HIGH,MAEU/207447622,,METTE MAERSK,ROTTERDAM,2/25/2021,48,48,544,"7.872,960",SL-M2090R/XEV 6HU09A#B19,7002525949 7002525969,5UE15A#B19 6HU09A#B19,Huenxe,QINGDAO,CN1927941,SDS,P1 – HPS,,SDP1101030 SDP1101029,3/16/2021,To be created,3/2/2021,,,,,,,,,,,9000029252,P1
TCNU2498623,40,HIGH,MAEU/207446786,,METTE MAERSK,ROTTERDAM,2/25/2021,52,52,728,"7.448,000",209U6A#B19 6HU11A#B19,7002525840 7002525977,209U6A#B19 6HU11A#B19,Huenxe,QINGDAO,CN1477310,SDS,Standard – HP,,SDP1100945 SDP1100946,3/16/2021,To be created,3/2/2021,,,,,,,,,,,9000029184,Standard – HP
SUDU5926518,40,HIGH,MAEU/207447622,,METTE MAERSK,ROTTERDAM,2/25/2021,70,70,360,"6.429,920",SL-M2090R/XEV 7UQ76A#B19,7002525949 7002526002,5UE15A#B19 7UQ76A#B19,Huenxe,QINGDAO,CN1927945,SDS,P1 – HPS,,SDP1101032 SDP1101031,3/16/2021,To be created,3/2/2021,,,,,,,,,,,9000029252,P1
SUDU6585627,40,HIGH,MAEU/207446786,,METTE MAERSK,ROTTERDAM,2/25/2021,26,26,728,"7.498,400",6HU11A#B19,7002525980,6HU11A#B19,Huenxe,QINGDAO,CN1927919,SDS,P1 – HPS,,SDP1100508,3/16/2021,To be created,3/2/2021,,,,,,,,,,,9000029184,P1
TGBU5396271,40,HIGH,MAEU/207447187,,METTE MAERSK,ROTTERDAM,2/25/2021,28,28,56,"6.720,000",SL-X7401DT/HPH,7002525938,5CM63A#B19,Huenxe,QINGDAO,CN1927948,SDS,Standard – HP,C-FIX,SDP1101042,3/16/2021,To be created,3/2/2021,,,,,,,,,,,9000029251,Standard – HP
MRKU4509411,40,HIGH,MAEU/207447622,,METTE MAERSK,ROTTERDAM,2/25/2021,27,27,54,"6.480,000",SL-K7400GX/HPH,7002526073,X3A82A#B19,Huenxe,QINGDAO,CN1927946,SDS,Standard – HP,C-FIX,SDP1101028,3/16/2021,To be created,3/2/2021,,,,,,,,,,,9000029252,Standard – HP
SUDU5854763,40,HIGH,MAEU/207450262,,METTE MAERSK,ROTTERDAM,2/25/2021,28,28,56,"6.720,000",SL-X7401DT/HPH,7002525933,5CM63A#B19,Huenxe,QINGDAO,CN1927954,SDS,Standard – HP,C-FIX,SDP1101033,3/16/2021,To be created,3/2/2021,,,,,,,,,,,9000029253,Standard – HP
TCNU6269034,40,HIGH,MAEU/207436158,,METTE MAERSK,ROTTERDAM,2/25/2021,56,56,56,"7.273,680",SL-K4250LX/HPH SL-X7400GX/HPH,7002526062 7002526066,X3A67A#B19 X3A76A#B19,Huenxe,QINGDAO,CN1463892,SDS,Standard – HP,C-FIX,SDP1101273 SDP1101274,3/16/2021,To be created,3/2/2021,,,,,,,,,,,9000029372,Standard – HP
CAIU8037137,40,HIGH,MAEU/207446786,,METTE MAERSK,ROTTERDAM,2/25/2021,24,24,480,"8.352,000",6HU09A#B19,7002525969,6HU09A#B19,Huenxe,QINGDAO,CN1927984,SDS,P1 – HPS,,SDP1100950,3/16/2021,To be created,3/2/2021,,,,,,,,ex 26.02.2021,,,9000029184,P1
HASU4326265,40,HIGH,MAEU/207576985,,METTE MAERSK,ROTTERDAM,2/25/2021,29,29,2416,"4.115,400",HP TCU UNIT HP FUSER KIT 2 HP FUSER 220V HP TCU HP TCU KIT HP P1401 PM KI HP P1400 PM KI,5200727323 5200727326 5200727327 5200727329 5200727331 5200727337 5200727349 5200836186,B5L37A C1N58A CE247A CE254A CE265A CE980A 9750B012 0969C006,Huenxe,ZHONGSHAN,CN5999144,CANON,Standard – HP,,5200727326,3/9/2021,To be created,3/2/2021,,,,,,,,,,,2101100002861,Standard – HP
CXDU1740240,40,HIGH,ONEY/MNLA37222800,,NYK ORPHEUS,ROTTERDAM,2/25/2021,42,42,1050,"4.977,000",HP 550FDR,5200836191,D9P29A,Huenxe,MANILA,PHAA84460,CANON,Standard – HP,,5200836191,3/16/2021,To be created,3/3/2021,,,,,,,,,,,2101100003479,Standard – HP
RFCU5098657,40,HIGH,ONEY/MNLA37222800,,NYK ORPHEUS,ROTTERDAM,2/25/2021,42,42,840,"4.977,000",HP 550FDR,5200836193,F2A72A,Huenxe,MANILA,PHAB49831,CANON,Standard – HP,,5200836193,3/16/2021,To be created,3/3/2021,,,,,,,,,,,2101100003478,Standard – HP
TCLU9669021,40,HIGH,ONEY/MNLA37222800,,NYK ORPHEUS,ROTTERDAM,2/25/2021,42,42,840,"4.977,000",HP 550FDR,5200727357,F2A72A,Huenxe,MANILA,PHAB49887,CANON,Standard – HP,,5200727357,3/16/2021,To be created,3/3/2021,,,,,,,,,,,2101100003487,Standard – HP
UETU5693002,40,HIGH,HEIC/HPHRTM-20120242,,COSCO SHIPPING LEO,ROTTERDAM,2/28/2021,42,42,672,"4.914,000",HP 550 PAPER F,5200692944,CF404A,Huenxe,HAIPHONG,15653492,CANON,P1T – OPS,,5200692944,2/26/2021,To be created,3/5/2021,,,,,,,,,,,2101100001128,P1T
CBHU9536887,40,HIGH,PNVO/WH025020,,COSCO SHIPPING LEO,ROTTERDAM,2/28/2021,21,21,420,"11.812,500",PRINTER,7002528320,W1A79A#B19,Huenxe,QINGDAO,P850781,REPLENISHMENT - PPS,P1T – OPS,,JAW0085563,3/19/2021,To be created,3/5/2021,,,,,,,,,,,,P1T
MSKU9722632,40,HIGH,MAEU/207324361,,MUNICH MAERSK,ROTTERDAM,2/28/2021,42,42,945,"10.332,000",HP LBP DW 220,52008888107002522372,W1A56A#B19,Huenxe,MANILA,PH1376803,CANON,P1T – OPS,,52008888107002522372,3/12/2021,To be created,3/5/2021,,,,,,,,,,,2101100003511,P1T
MAGU5105204,40,HIGH,MAEU/207324361,,MUNICH MAERSK,ROTTERDAM,2/28/2021,30,30,675,"7.133,000",HP LBP SN 220V HP LBP DW 220,52008888617002522365 52008891037002522374,W1A52A#B19 W1A56A#B19,Huenxe,MANILA,PH1376853,CANON,P1T – OPS,,52008888617002522365,3/12/2021,To be created,3/5/2021,,,,,,,,,,,2101100003504,P1T
MRKU6308993,40,HIGH,MAEU/207324361,,MUNICH MAERSK,ROTTERDAM,2/28/2021,42,42,945,"10.332,000",HP LBP DW 220,52008891037002522374,W1A56A#B19,Huenxe,MANILA,PH1376859,CANON,P1T – OPS,,52008891037002522374,3/12/2021,To be created,3/5/2021,,,,,,,,,,,2101100003503,P1T
FFAU3254059,40,HIGH,HEIC/HPHRTM-20120254,,COSCO SHIPPING LEO,ROTTERDAM,2/28/2021,44,44,3521,"17.531,900",HP LBP NW W 3I HP LBP BASE 22,52008673187002484373 52008673337002484429,G3Q58A#B19 W2G50A#B19,Huenxe,HAIPHONG,15681065,CANON,P1 – HPS,,52008673337002484429,2/26/2021,To be created,3/5/2021,,,,,,,,,,,2101100001269,P1
CCLU7891012,40,HIGH,HEIC/HPHRTM-20120242,,COSCO SHIPPING LEO,ROTTERDAM,2/28/2021,42,42,2016,"13.952,400",HP LBP WIRELES,52008673737002484459,W2G55A#B19,Huenxe,HAIPHONG,15653496,CANON,P1 – HPS,,52008673737002484459,2/26/2021,To be created,3/5/2021,,,,,,,,,,,2101100001154,P1
FFAU3371899,40,HIGH,HEIC/HPHRTM-20120242,,COSCO SHIPPING LEO,ROTTERDAM,2/28/2021,42,42,2016,"13.952,400",HP LBP WIRELES,52008673737002484459,W2G55A#B19,Huenxe,HAIPHONG,15653339,CANON,P1 – HPS,,52008673737002484459,2/26/2021,To be created,3/5/2021,,,,,,,,,,,2101100001176,P1
FSCU8026280,40,HIGH,HEIC/HPHRTM-20120296,,COSCO SHIPPING LEO,ROTTERDAM,2/28/2021,42,42,1914,"13.583,200",HP LBP Wireles,52008362927002439769 52008363057002439776,G3Q35A#B19 G3Q47A#B19,Huenxe,HAIPHONG,15677424,CANON,P1 – HPS,,52008362927002439769,2/26/2021,To be created,3/5/2021,,,,,,,,,,,2101100001172,P1
FSCU8471351,40,HIGH,HEIC/HPHRTM-20120254,,COSCO SHIPPING LEO,ROTTERDAM,2/28/2021,42,42,2016,"13.952,400",HP LBP WIRELES,52008887787002522400,W2G55A#B19,Huenxe,HAIPHONG,15680711,CANON,P1 – HPS,,52008887787002522400,2/26/2021,To be created,3/5/2021,,,,,,,,,,,2101100001253,P1
FSCU8822780,40,HIGH,HEIC/HPHRTM-20120296,,COSCO SHIPPING LEO,ROTTERDAM,2/28/2021,44,44,679,"9.711,000",HP LBP 4-1 DW2 HP LBP W 4IN1,52008362867002439764 52008363267002439797,4PA42A#B19 G3Q65A#B09,Huenxe,HAIPHONG,15681024,CANON,P1 – HPS,,52008362867002439764,2/26/2021,To be created,3/5/2021,,,,,,,,,,,2101100001156,P1
OOCU6401146,40,HIGH,HEIC/HPHRTM-20120242,,COSCO SHIPPING LEO,ROTTERDAM,2/28/2021,44,44,660,"8.962,800",HP LBP W 4IN1,52008673657002484393,G3Q75A#B19,Huenxe,HAIPHONG,15653338,CANON,P1 – HPS,,52008673657002484393,2/26/2021,To be created,3/5/2021,,,,,,,,,,,2101100001141,P1
OOCU6447321,40,HIGH,HEIC/HPHRTM-20120242,,COSCO SHIPPING LEO,ROTTERDAM,2/28/2021,42,42,2016,"13.843,200",HP LBP BASE 22,52008673067002484448,W2G54A#B19,Huenxe,HAIPHONG,15653494,CANON,P1 – HPS,,52008673067002484448,2/26/2021,To be created,3/5/2021,,,,,,,,,,,2101100001152,P1
OOCU7434102,40,HIGH,HEIC/HPHRTM-20120254,,COSCO SHIPPING LEO,ROTTERDAM,2/28/2021,42,42,1658,"12.641,600",HP LBP W 4IN1 HP LBP BASE HC HP LBP N 4IN1,52008672847002484384 52008673117002484341 52008673297002484400,G3Q60A#B19 G3Q34A#B19 G3Q79A#B19,Huenxe,HAIPHONG,15680933,CANON,P1 – HPS,,52008673117002484341,2/26/2021,To be created,3/5/2021,,,,,,,,,,,2101100001270,P1
OOLU9388208,40,HIGH,HEIC/HPHRTM-20120242,,COSCO SHIPPING LEO,ROTTERDAM,2/28/2021,42,42,2016,"13.952,400",HP LBP WIRELES,52008673737002484459,W2G55A#B19,Huenxe,HAIPHONG,15653493,CANON,P1 – HPS,,52008673737002484459,2/26/2021,To be created,3/5/2021,,,,,,,,,,,2101100001153,P1
SEGU5093920,40,HIGH,HEIC/HPHRTM-20120254,,COSCO SHIPPING LEO,ROTTERDAM,2/28/2021,44,44,3630,"17.811,200",HP LBP W 220 F,52008673777002484443,W2G51A#B19,Huenxe,HAIPHONG,15680709,CANON,P1 – HPS,,52008673777002484443,2/26/2021,To be created,3/5/2021,,,,,,,,,,,2101100001255,P1
TCLU6497891,40,HIGH,HEIC/HPHRTM-20120242,,COSCO SHIPPING LEO,ROTTERDAM,2/28/2021,42,42,2016,"13.843,200",HP LBP BASE 22,52008362997002439818,W2G54A#B19,Huenxe,HAIPHONG,15653495,CANON,P1 – HPS,,52008362997002439818,2/26/2021,To be created,3/5/2021,,,,,,,,,,,2101100001175,P1
TCLU8769052,40,HIGH,HEIC/HPHRTM-20120254,,COSCO SHIPPING LEO,ROTTERDAM,2/28/2021,44,44,1232,"12.117,600",HP LBP 3IN1 B,52008673467002484362,G3Q57A#B19,Huenxe,HAIPHONG,15680719,CANON,P1 – HPS,,52008673467002484362,2/26/2021,To be created,3/5/2021,,,,,,,,,,,2101100001254,P1
TRHU4430858,40,HIGH,HEIC/HPHRTM-20120296,,COSCO SHIPPING LEO,ROTTERDAM,2/28/2021,44,44,1226,"10.715,000",HP LBP 3IN1 B HP LBP W 4IN1 HP LBP W 220 F,52008362967002439779 52008363067002439803 52008363247002439815,G3Q57A#B19 G3Q75A#B19 W2G51A#B19,Huenxe,HAIPHONG,15681022,CANON,P1 – HPS,,52008363247002439815,2/26/2021,To be created,3/5/2021,,,,,,,,,,,2101100001157,P1
TRHU4823881,40,HIGH,HEIC/HPHRTM-20120296,,COSCO SHIPPING LEO,ROTTERDAM,2/28/2021,42,42,936,"8.967,200",HP LBP BASE 22 HP LBP 3-1 DW2 HP LBP NW FP 2,52008362997002439818 52008363117002439761 52008363127002439772,W2G54A#B19 4PA41A#B19 G3Q46A#B19,Huenxe,HAIPHONG,14412211,CANON,P1 – HPS,,52008363117002439761,2/26/2021,To be created,3/5/2021,,,,,,,,,,,2101100001160,P1
TRHU5399417,40,HIGH,HEIC/HPHRTM-20120254,,COSCO SHIPPING LEO,ROTTERDAM,2/28/2021,42,42,784,"9.354,400",HP LBP NW 4IN1 HP LBP DW 220 HP LBP 4-1 DW2 HP LBP W 4IN1,52008672567002484374 52008672687002484314 52008672767002484335 52008673657002484393,G3Q59A#B19 4PA39A#B19 4PA42A#B19 G3Q75A#B19,Huenxe,HAIPHONG,15681068,CANON,P1 – HPS,,52008672567002484374,2/26/2021,To be created,3/5/2021,,,,,,,,,,,2101100001149,P1
TRHU5403081,40,HIGH,HEIC/HPHRTM-20120254,,COSCO SHIPPING LEO,ROTTERDAM,2/28/2021,42,42,2016,"13.895,200",HP LBP BASE 22 HP LBP WIRELES,52008673067002484448 52008673737002484459,W2G54A#B19 W2G55A#B19,Huenxe,HAIPHONG,15680931,CANON,P1 – HPS,,52008673067002484448,2/26/2021,To be created,3/5/2021,,,,,,,,,,,2101100001150,P1
CAIU4513045,40,HIGH,HEIC/HPHRTM-20120296,,COSCO SHIPPING LEO,ROTTERDAM,2/28/2021,42,42,1011,"9.979,200",HP LBP N W 3IN HP LBP DW 220,52008362857002439793 52008362877002439760,G3Q62A#B09 4PA39A#B19,Huenxe,HAIPHONG,15680943,CANON,P1 – HPS,,52008362857002439793,2/26/2021,To be created,3/5/2021,,,,,,,,,,,2101100001142,P1
CSNU6508750,40,HIGH,HEIC/HPHRTM-20120254,,COSCO SHIPPING LEO,ROTTERDAM,2/28/2021,44,44,660,"9.627,200",HP LBP 4-1 DW2,52008672767002484335,4PA42A#B19,Huenxe,HAIPHONG,15680932,CANON,P1 – HPS,,52008672767002484335,2/26/2021,To be created,3/5/2021,,,,,,,,,,,2101100001146,P1
CSNU7234269,40,HIGH,HEIC/HPHRTM-20120242,,COSCO SHIPPING LEO,ROTTERDAM,2/28/2021,42,42,945,"9.424,800",HP LBP DW 220,52008672687002484314,4PA39A#B19,Huenxe,HAIPHONG,15653337,CANON,P1 – HPS,,52008672687002484314,2/26/2021,To be created,3/5/2021,,,,,,,,,,,2101100001155,P1
CSNU7357999,40,HIGH,HEIC/HPHRTM-20120254,,COSCO SHIPPING LEO,ROTTERDAM,2/28/2021,44,44,1232,"12.174,800",HP LBP NW W 3I,52008673187002484373,G3Q58A#B19,Huenxe,HAIPHONG,15689983,CANON,P1 – HPS,,52008673187002484373,2/26/2021,To be created,3/5/2021,,,,,,,,,,,2101100001147,P1
CSNU7572646,40,HIGH,HEIC/HPHRTM-20120254,,COSCO SHIPPING LEO,ROTTERDAM,2/28/2021,42,42,1776,"13.354,800",HP LBP Wireles HP LBP 3IN1 B,52008672667002484357 52008673467002484362,G3Q35A#B19 G3Q57A#B19,Huenxe,HAIPHONG,15681067,CANON,P1 – HPS,,52008673467002484362,2/26/2021,To be created,3/5/2021,,,,,,,,,,,2101100001148,P1
BEAU5742273,40,HIGH,MAEU/207729944,,MUNICH MAERSK,ROTTERDAM,2/28/2021,24,24,1200,"7.440,000",HP PRINTER,7002515565,E3E03A#A81,Huenxe,LAEM CHABANG,TH5969775,REPLENISHMENT - PPS,P1 – HPS,,INT0050695,3/19/2021,To be created,3/5/2021,,,,,,,,,,,MAEU207729944,P1
CAAU5459814,40,HIGH,MAEU/207729944,,MUNICH MAERSK,ROTTERDAM,2/28/2021,30,30,900,"8.820,000",HP PRINTER,7002515744,P4C85A#BHC,Huenxe,LAEM CHABANG,TH5968454,REPLENISHMENT - PPS,P1 – HPS,,INT0050765,3/19/2021,To be created,3/5/2021,,,,,,,,,,,MAEU207729944,P1
TCKU7016165,40,HIGH,MAEU/207729943,,MUNICH MAERSK,ROTTERDAM,2/28/2021,24,24,1440,"10.349,280",HP PRINTER,7002515493,5SE48B#BHC,Huenxe,LAEM CHABANG,TH5969807,REPLENISHMENT - PPS,P1 – HPS,,INT0050804,3/19/2021,To be created,3/5/2021,,,,,,,,,,,MAEU207729943,P1
TCKU7093813,40,HIGH,MAEU/207729952,,MUNICH MAERSK,ROTTERDAM,2/28/2021,22,22,1848,"11.341,176",HP PRINTER,7002515451,5SE18B#BHC,Huenxe,LAEM CHABANG,TH5968309,REPLENISHMENT - PPS,P1 – HPS,,INT0050783,3/19/2021,To be created,3/5/2021,,,,,,,,,,,MAEU207729952,P1
TCKU7177560,40,HIGH,MAEU/207729943,,MUNICH MAERSK,ROTTERDAM,2/28/2021,24,24,1440,"10.349,280",HP PRINTER,7002515493,5SE48B#BHC,Huenxe,LAEM CHABANG,TH5969839,REPLENISHMENT - PPS,P1 – HPS,,INT0050802,3/19/2021,To be created,3/5/2021,,,,,,,,,,,MAEU207729943,P1
TCKU7288142,40,HIGH,MAEU/207729937,,MUNICH MAERSK,ROTTERDAM,2/28/2021,22,22,1848,"11.341,176",HP PRINTER,7002515465,5SE22C#670,Huenxe,LAEM CHABANG,TH5967105,REPLENISHMENT - PPS,P1 – HPS,,INT0050942,3/19/2021,To be created,3/5/2021,,,,,,,,,,,MAEU207729937,P1
TCKU7432183,40,HIGH,MAEU/207729937,,MUNICH MAERSK,ROTTERDAM,2/28/2021,24,24,1440,"10.349,280",HP PRINTER,7002515490,5SE48B#BHC,Huenxe,LAEM CHABANG,TH5967472,REPLENISHMENT - PPS,P1 – HPS,,INT0051029,3/19/2021,To be created,3/5/2021,,,,,,,,,,,MAEU207729937,P1
TCKU7452030,40,HIGH,MAEU/207729954,,MUNICH MAERSK,ROTTERDAM,2/28/2021,30,30,900,"8.820,000",HP PRINTER,7002515744,P4C85A#BHC,Huenxe,LAEM CHABANG,TH5969797,REPLENISHMENT - PPS,P1 – HPS,,INT0050767,3/19/2021,To be created,3/5/2021,,,,,,,,,,,MAEU207729954,P1
TCKU7515610,40,HIGH,MAEU/207729943,,MUNICH MAERSK,ROTTERDAM,2/28/2021,22,22,1320,"10.824,000",HP PRINTER,7002515666,K7G26B#BHC,Huenxe,LAEM CHABANG,TH5975645,REPLENISHMENT - PPS,P1 – HPS,,INT0050776,3/19/2021,To be created,3/5/2021,,,,,,,,,,,MAEU207729943,P1
TCKU7585752,40,HIGH,MAEU/207729952,,MUNICH MAERSK,ROTTERDAM,2/28/2021,22,22,1848,"11.341,176",HP PRINTER,7002515451,5SE18B#BHC,Huenxe,LAEM CHABANG,TH5969955,REPLENISHMENT - PPS,P1 – HPS,,INT0050785,3/19/2021,To be created,3/5/2021,,,,,,,,,,,MAEU207729952,P1
TCKU7659496,40,HIGH,MAEU/207729940,,MUNICH MAERSK,ROTTERDAM,2/28/2021,22,22,1100,"10.692,000",HP PRINTER,7002515775,Y0G50B#BHC,Huenxe,LAEM CHABANG,TH5968306,REPLENISHMENT - PPS,P1 – HPS,,INT0050769,3/19/2021,To be created,3/5/2021,,,,,,,,,,,MAEU207729940,P1
CAAU6081293,40,HIGH,MAEU/207729943,,MUNICH MAERSK,ROTTERDAM,2/28/2021,24,24,1440,"10.349,280",HP PRINTER,7002515493,5SE48B#BHC,Huenxe,LAEM CHABANG,TH5975649,REPLENISHMENT - PPS,P1 – HPS,,INT0050801,3/19/2021,To be created,3/5/2021,,,,,,,,,,,MAEU207729943,P1
FFAU2295731,40,HIGH,MAEU/207729940,,MUNICH MAERSK,ROTTERDAM,2/28/2021,22,22,1320,"10.824,000",HP PRINTER,7002515666,K7G26B#BHC,Huenxe,LAEM CHABANG,TH5969953,REPLENISHMENT - PPS,P1 – HPS,,INT0050774,3/19/2021,To be created,3/5/2021,,,,,,,,,,,MAEU207729940,P1
MRKU8168036,20,DRY,MAEU/207756881,,MUNICH MAERSK,ROTTERDAM,2/28/2021,12,12,1152,"5.519,232",HP PRINTER,7002515382,3DP65B#BHC,Huenxe,LAEM CHABANG,TH5968501,REPLENISHMENT - PPS,P1 – HPS,,INT0050674,3/19/2021,To be created,3/5/2021,,,,,,,,,,,MAEU207756881,P1
MTSU9611891,40,HIGH,MAEU/207729943,,MUNICH MAERSK,ROTTERDAM,2/28/2021,24,24,1440,"10.349,280",HP PRINTER,7002515493,5SE48B#BHC,Huenxe,LAEM CHABANG,TH5975762,REPLENISHMENT - PPS,P1 – HPS,,INT0050803,3/19/2021,To be created,3/5/2021,,,,,,,,,,,MAEU207729943,P1
SEKU4462628,40,HIGH,MAEU/207729952,,MUNICH MAERSK,ROTTERDAM,2/28/2021,22,22,1848,"11.341,176",HP PRINTER,7002515451,5SE18B#BHC,Huenxe,LAEM CHABANG,TH5968358,REPLENISHMENT - PPS,P1 – HPS,,INT0050784,3/19/2021,To be created,3/5/2021,,,,,,,,,,,MAEU207729952,P1
SEKU4469957,40,HIGH,MAEU/207729954,,MUNICH MAERSK,ROTTERDAM,2/28/2021,24,24,1008,"11.108,160",HP PRINTER,7002515255,1KR51B#BHC,Huenxe,LAEM CHABANG,TH5975558,REPLENISHMENT - PPS,P1 – HPS,,INT0050757,3/19/2021,To be created,3/5/2021,,,,,,,,,,,MAEU207729954,P1
TCKU7678618,40,HIGH,MAEU/207729937,,MUNICH MAERSK,ROTTERDAM,2/28/2021,26,26,936,"9.734,400",HP PRINTER,7002515283,1KR66B#BHC,Huenxe,LAEM CHABANG,TH5967502,REPLENISHMENT - PPS,P1 – HPS,,INT0050943,3/19/2021,To be created,3/5/2021,,,,,,,,,,,MAEU207729937,P1
TEMU1426594,20,DRY,MAEU/207756881,,MUNICH MAERSK,ROTTERDAM,2/28/2021,12,12,1152,"5.519,232",HP PRINTER,7002515382,3DP65B#BHC,Huenxe,LAEM CHABANG,TH5968500,REPLENISHMENT - PPS,P1 – HPS,,INT0050675,3/19/2021,To be created,3/5/2021,,,,,,,,,,,MAEU207756881,P1
TEMU7324753,40,HIGH,MAEU/207729937,,MUNICH MAERSK,ROTTERDAM,2/28/2021,22,22,1320,"10.824,000",HP PRINTER,7002515818,Z3M48B#BHC,Huenxe,LAEM CHABANG,TH5967146,REPLENISHMENT - PPS,P1 – HPS,,INT0051017,3/19/2021,To be created,3/5/2021,,,,,,,,,,,MAEU207729937,P1
TGBU8886396,40,HIGH,MAEU/207729944,,MUNICH MAERSK,ROTTERDAM,2/28/2021,24,24,1008,"11.108,160",HP PRINTER,7002515212,1KR50B#BHC,Huenxe,LAEM CHABANG,TH5969891,REPLENISHMENT - PPS,P1 – HPS,,INT0050751,3/19/2021,To be created,3/5/2021,,,,,,,,,,,MAEU207729944,P1
TGBU8888700,40,HIGH,MAEU/207729937,,MUNICH MAERSK,ROTTERDAM,2/28/2021,22,22,1848,"11.341,176",HP PRINTER,7002515451,5SE18B#BHC,Huenxe,LAEM CHABANG,TH5969889,REPLENISHMENT - PPS,P1 – HPS,,INT0050788,3/19/2021,To be created,3/5/2021,,,,,,,,,,,MAEU207729937,P1
TGBU8889163,40,HIGH,MAEU/207729954,,MUNICH MAERSK,ROTTERDAM,2/28/2021,30,30,900,"8.820,000",HP PRINTER,7002515750,P4C85A#BHC,Huenxe,LAEM CHABANG,TH5975741,REPLENISHMENT - PPS,P1 – HPS,,INT0050996,3/19/2021,To be created,3/5/2021,,,,,,,,,,,MAEU207729954,P1
TGBU9362541,40,HIGH,MAEU/207729940,,MUNICH MAERSK,ROTTERDAM,2/28/2021,22,22,1320,"10.824,000",HP PRINTER,7002515666,K7G26B#BHC,Huenxe,LAEM CHABANG,TH5968312,REPLENISHMENT - PPS,P1 – HPS,,INT0050775,3/19/2021,To be created,3/5/2021,,,,,,,,,,,MAEU207729940,P1
TLLU5863269,40,HIGH,MAEU/207729952,,MUNICH MAERSK,ROTTERDAM,2/28/2021,22,22,1848,"11.341,176",HP PRINTER,7002515451,5SE18B#BHC,Huenxe,LAEM CHABANG,TH5968304,REPLENISHMENT - PPS,P1 – HPS,,INT0050786,3/19/2021,To be created,3/5/2021,,,,,,,,,,,MAEU207729952,P1
TLLU5985143,40,HIGH,MAEU/207729952,,MUNICH MAERSK,ROTTERDAM,2/28/2021,22,22,1848,"11.341,176",HP PRINTER,7002515451,5SE18B#BHC,Huenxe,LAEM CHABANG,TH5969895,REPLENISHMENT - PPS,P1 – HPS,,INT0050787,3/19/2021,To be created,3/5/2021,,,,,,,,,,,MAEU207729952,P1
TRHU4001832,40,HIGH,MAEU/207729940,,MUNICH MAERSK,ROTTERDAM,2/28/2021,22,22,1100,"10.692,000",HP PRINTER,7002515775,Y0G50B#BHC,Huenxe,LAEM CHABANG,TH5969896,REPLENISHMENT - PPS,P1 – HPS,,INT0050768,3/19/2021,To be created,3/5/2021,,,,,,,,,,,MAEU207729940,P1
TRHU4243461,40,HIGH,MAEU/207729954,,MUNICH MAERSK,ROTTERDAM,2/28/2021,30,30,900,"8.820,000",HP PRINTER,7002515744,P4C85A#BHC,Huenxe,LAEM CHABANG,TH5969795,REPLENISHMENT - PPS,P1 – HPS,,INT0050766,3/19/2021,To be created,3/5/2021,,,,,,,,,,,MAEU207729954,P1
TRHU4845751,40,HIGH,MAEU/207729954,,MUNICH MAERSK,ROTTERDAM,2/28/2021,24,24,1008,"11.108,160",HP PRINTER,7002515255,1KR51B#BHC,Huenxe,LAEM CHABANG,TH5969904,REPLENISHMENT - PPS,P1 – HPS,,INT0050758,3/19/2021,To be created,3/5/2021,,,,,,,,,,,MAEU207729954,P1
CAAU5261496,40,HIGH,MAEU/207755387,,MUNICH MAERSK,ROTTERDAM,2/28/2021,22,22,1320,"10.824,000",HP PRINTER,7002515675,K7S21B#BHC,Huenxe,LAEM CHABANG,TH5967871,REPLENISHMENT - PPS,P1 – HPS,,INT0051015,3/19/2021,To be created,3/5/2021,,,,,,,,,,,MAEU207755387,P1
CAAU5693674,40,HIGH,MAEU/207729936,,MUNICH MAERSK,ROTTERDAM,2/28/2021,24,24,1008,"11.108,160",HP PRINTER,7002515359,257G4B#629,Huenxe,LAEM CHABANG,TH5967816,REPLENISHMENT - PPS,Standard – HP,,INT0050973,3/19/2021,To be created,3/5/2021,,,,,,,,,,,MAEU207729936,Standard – HP
HASU1247347,20,DRY,MAEU/207755387,,MUNICH MAERSK,ROTTERDAM,2/28/2021,10,10,1200,"4.800,000",HP PRINTER,7002515508,CZ992A#670,Huenxe,LAEM CHABANG,TH5967778,REPLENISHMENT - PPS,P1 – HPS,,INT0051022,3/19/2021,To be created,3/5/2021,,,,,,,,,,,MAEU207755387,P1
MRSU3301663,40,HIGH,MAEU/207755387,,MUNICH MAERSK,ROTTERDAM,2/28/2021,22,22,1320,"10.824,000",HP PRINTER,7002515675,K7S21B#BHC,Huenxe,LAEM CHABANG,TH5965374,REPLENISHMENT - PPS,P1 – HPS,,INT0051014,3/19/2021,To be created,3/5/2021,,,,,,,,,,,MAEU207755387,P1
MRSU3595193,40,HIGH,MAEU/207729936,,MUNICH MAERSK,ROTTERDAM,2/28/2021,26,26,936,"9.734,400",HP PRINTER,7002515282,1KR66B#BHC,Huenxe,LAEM CHABANG,TH5965291,REPLENISHMENT - PPS,P1 – HPS,,INT0050948,3/19/2021,To be created,3/5/2021,,,,,,,,,,,MAEU207729936,P1
TCKU6430904,40,HIGH,MAEU/207729936,,MUNICH MAERSK,ROTTERDAM,2/28/2021,30,30,900,"8.820,000",HP PRINTER,7002515750,P4C85A#BHC,Huenxe,LAEM CHABANG,TH5965463,REPLENISHMENT - PPS,P1 – HPS,,INT0051000,3/19/2021,To be created,3/5/2021,,,,,,,,,,,MAEU207729936,P1
TCKU7435433,40,HIGH,MAEU/207729936,,MUNICH MAERSK,ROTTERDAM,2/28/2021,30,30,900,"8.820,000",HP PRINTER,7002515750,P4C85A#BHC,Huenxe,LAEM CHABANG,TH5967820,REPLENISHMENT - PPS,P1 – HPS,,INT0050999,3/19/2021,To be created,3/5/2021,,,,,,,,,,,MAEU207729936,P1
TCKU7718449,40,HIGH,MAEU/207729936,,MUNICH MAERSK,ROTTERDAM,2/28/2021,22,22,1848,"11.341,176",HP PRINTER,7002665467,5SE22C#670,Huenxe,LAEM CHABANG,TH5965278,REPLENISHMENT - PPS,P1 – HPS,,INT0051094,3/19/2021,To be created,3/5/2021,,,,,,,,,,,MAEU207729936,P1
TCLU2403615,20,DRY,MAEU/207755387,,MUNICH MAERSK,ROTTERDAM,2/28/2021,10,10,1600,"5.280,000",HP PRINTER,7002515525,CZ993A#BHC,Huenxe,LAEM CHABANG,TH5968063,REPLENISHMENT - PPS,P1 – HPS,,INT0051019,3/19/2021,To be created,3/5/2021,,,,,,,,,,,MAEU207755387,P1
TEMU2537360,20,DRY,MAEU/207755387,,MUNICH MAERSK,ROTTERDAM,2/28/2021,12,12,420,"4.628,400",HP PRINTER,7002515364 7002515373,257G4B#686 257G4B#687,Huenxe,LAEM CHABANG,TH5968066,REPLENISHMENT - PPS,Standard – HP,,INT0050974 INT0050976,3/19/2021,To be created,3/5/2021,,,,,,,,,,,MAEU207755387,Standard – HP
MRSU4061021,40,HIGH,MAEU/207549198,,MUNICH MAERSK,ROTTERDAM,2/28/2021,18,59,655,"1.742,800",SERVICE FLUID,7002481458 7002632128 7002632129,W1B44A W1B45A,Huenxe,TANJUNG PELEPAS,MY0420957,REPLENISHMENT - PPS,Standard – HP,,AFQ0007797 AFQ0007798 AFQ0007799,3/19/2021,To be created,3/5/2021,,,,,,,,,,,MAEU207549198,Standard – HP
DFSU7170656,40,HIGH,PNVO/WH602000,,COSCO SHIPPING LEO,ROTTERDAM,2/28/2021,48,48,240,"5.928,000",SL-PFP502D/HPH,7002526080,Y1F97A,Huenxe,QINGDAO,P850780,SDS,Standard – HP,,SDP1101115,3/19/2021,To be created,3/5/2021,,,,,,,,,,,9000029377,Standard – HP
FCIU7195748,40,HIGH,PNVO/WH599830,,COSCO SHIPPING LEO,ROTTERDAM,2/28/2021,25,25,300,"3.945,000",SL-DSK502T/HPH,7002526126,Y1G17A,Huenxe,QINGDAO,P856678,SDS,Standard – HP,,SDP1100980,3/19/2021,To be created,3/5/2021,,,,,,,,,,,9000029226,Standard – HP
FFAU3035092,40,HIGH,PNVO/WH599900,,COSCO SHIPPING LEO,ROTTERDAM,2/28/2021,28,28,56,"7.467,040",SL-X7400GX/HPH,7002526066,X3A76A#B19,Huenxe,QINGDAO,P850665,SDS,Standard – HP,,SDP1101088,3/19/2021,To be created,3/5/2021,,,,,,,,,,,9000029290,Standard – HP
MAGU5240800,40,HIGH,PNVO/WH609650,,COSCO SHIPPING LEO,ROTTERDAM,2/28/2021,39,39,78,"6.630,000",SL-K4250LX/HPH,7002526062,X3A67A#B19,Huenxe,QINGDAO,P850624,SDS,Standard – HP,,SDP1101228,3/19/2021,To be created,3/5/2021,,,,,,,,,,,9000029364,Standard – HP
OOCU7072132,40,HIGH,PNVO/WH601020,,COSCO SHIPPING LEO,ROTTERDAM,2/28/2021,39,39,78,"6.630,000",SL-K4250LX/HPH,7002526062,X3A67A#B19,Huenxe,QINGDAO,P850663,SDS,Standard – HP,,SDP1101112,3/19/2021,To be created,3/5/2021,,,,,,,,,,,9000029291,Standard – HP
OOCU7141017,40,HIGH,PNVO/WH599900,,COSCO SHIPPING LEO,ROTTERDAM,2/28/2021,39,39,78,"8.346,000",8GR94A#B19,7002526050,8GR94A#B19,Huenxe,QINGDAO,P850706,SDS,Standard – HP,,SDP1101087,3/19/2021,To be created,3/5/2021,,,,,,,,,,,9000029290,Standard – HP
OOLU8684226,40,HIGH,PNVO/WH601020,,COSCO SHIPPING LEO,ROTTERDAM,2/28/2021,28,28,56,"6.720,000",SL-X7401DT/HPH,7002525938,5CM63A#B19,Huenxe,QINGDAO,P850664,SDS,Standard – HP,,SDP1101091,3/19/2021,To be created,3/5/2021,,,,,,,,,,,9000029291,Standard – HP
OOLU9975782,40,HIGH,PNVO/WH599900,,COSCO SHIPPING LEO,ROTTERDAM,2/28/2021,28,28,56,"7.467,040",SL-X7400GX/HPH,7002526066,X3A76A#B19,Huenxe,QINGDAO,P850628,SDS,Standard – HP,,SDP1101089,3/19/2021,To be created,3/5/2021,,,,,,,,,,,9000029290,Standard – HP
TEMU7813179,40,HIGH,PNVO/WH609650,,COSCO SHIPPING LEO,ROTTERDAM,2/28/2021,72,72,660,"7.127,400",SL-M2090W/SEE 6HU08A#B19,7002525884 7002525886 7002525956,4ZB83A#B19 6HU08A#B19,Huenxe,QINGDAO,P850748,SDS,P1 – HPS,,SDP1101124 SDP1101123 SDP1101122,3/19/2021,To be created,3/5/2021,,,,,,,,,,,9000029364,P1
TGBU8709560,40,HIGH,PNVO/WH602000,,COSCO SHIPPING LEO,ROTTERDAM,2/28/2021,76,76,174,"6.476,700",SL-PFP501D/HPH SL-FIN701H/HPH,7002526095 7002526129,Y1F98A Y1G18A,Huenxe,QINGDAO,P850732,SDS,Standard – HP,,SDP1101340 SDP1101341,3/19/2021,To be created,3/5/2021,,,,,,,,,,,9000029377,Standard – HP
TLLU5247160,40,HIGH,MAEU/207946584,,MUNICH MAERSK,ROTTERDAM,2/28/2021,18,18,450,"1.710,000",SERVICE FLUID,7002632126 7002632127,W1B44A,Huenxe,TANJUNG PELEPAS,MY0573316,REPLENISHMENT - PPS,Standard – HP,,AFQ0007820 AFQ0007821,3/19/2021,To be created,3/5/2021,,,,,,,,,,,MAEU207946584,Standard – HP
BEAU5652523,40,HIGH,PNVO/WH601020,,COSCO SHIPPING LEO,ROTTERDAM,2/28/2021,84,84,256,"5.360,000",7YG00A SL-PFP502D/HPH,7002526013 7002526080,7YG00A Y1F97A,Huenxe,QINGDAO,P856672,SDS,Standard – HP,,SDP1101114 SDP1101113,3/19/2021,To be created,3/5/2021,,,,,,,,,,,9000029291,Standard – HP
TRHU5376140,40,HIGH,PNVO/WH599830,,COSCO SHIPPING LEO,ROTTERDAM,2/28/2021,24,24,480,"8.352,000",6HU09A#B19,7002525969,6HU09A#B19,Huenxe,QINGDAO,P856752,SDS,P1 – HPS,,SDP1100949,3/19/2021,To be created,3/5/2021,,,,,,,,,,,9000029225,P1
CCLU7338943,40,HIGH,PNVO/WH599830,,COSCO SHIPPING LEO,ROTTERDAM,2/28/2021,26,26,832,"10.400,000",SL-C431/SEE,7002525899,4ZB94A#B19,Huenxe,QINGDAO,P856798,SDS,P1 – HPS,,SDP1100951,3/19/2021,To be created,3/5/2021,,,,,,,,,,,9000029225,P1
CSLU6332601,40,HIGH,PNVO/WH599900,,COSCO SHIPPING LEO,ROTTERDAM,2/28/2021,28,28,56,"7.467,040",SL-X7400GX/HPH,7002526066,X3A76A#B19,Huenxe,QINGDAO,P850662,SDS,Standard – HP,,SDP1101090,3/19/2021,To be created,3/5/2021,,,,,,,,,,,9000029290,Standard – HP
CSNU6286801,40,HIGH,PNVO/WH602000,,COSCO SHIPPING LEO,ROTTERDAM,2/28/2021,39,39,78,"6.630,000",SL-K4250LX/HPH,7002526062,X3A67A#B19,Huenxe,QINGDAO,P850749,SDS,Standard – HP,,SDP1101116,3/19/2021,To be created,3/5/2021,,,,,,,,,,,9000029377,Standard – HP
CSNU6503300,40,HIGH,PNVO/WH601020,,COSCO SHIPPING LEO,ROTTERDAM,2/28/2021,99,99,195,"4.391,070",7UQ76A#B19 8AF72A#B19 SL-DSK501T/HPH,7002526002 7002526040 7002526120,7UQ76A#B19 8AF72A#B19 Y1G16A,Huenxe,QINGDAO,P850629,SDS,Standard – HP,,SDP1101094 SDP1101092 SDP1101093,3/19/2021,To be created,3/5/2021,,,,,,,,,,,9000029292 9000029294,Standard – HP
CSNU6557333,40,HIGH,PNVO/WH599830,,COSCO SHIPPING LEO,ROTTERDAM,2/28/2021,110,110,892,"8.427,700",209U6A#B19 209U7A#B19 SL-M2040R/XEV 6HU09A#B19 6HU11A#B19,7002525840 7002525847 7002525942 7002525969 7002525977,209U6A#B19 209U7A#B19 5UE14A#B19 6HU09A#B19 6HU11A#B19,Huenxe,QINGDAO,P856792,SDS,P1 – HPS,,SDP1101002 SDP1100954 SDP1100955 SDP1100952 SDP1100953,3/19/2021,To be created,3/5/2021,,,,,,,,,,,9000029225,P1
CSNU7075059,40,HIGH,PNVO/WH609650,,COSCO SHIPPING LEO,ROTTERDAM,2/28/2021,24,24,576,"9.273,600",6HU08A#B19,7002525956,6HU08A#B19,Huenxe,QINGDAO,P850777,SDS,P1 – HPS,,SDP1101121,3/19/2021,To be created,3/5/2021,,,,,,,,,,,9000029364,P1
TCLU1035376,40,HREF,CMDU/DNCA006186,,COSCO SHIPPING LEO,ROTTERDAM,2/28/2021,18,18,576,"1.810,800",HP PM KIT 220V,5200727342 5200727343,CF065A F2G77A,Huenxe,DALIAN,F7454946,CANON,Standard – HP,,5200727342,3/16/2021,To be created,3/5/2021,,,,,,,,,,,2101100003489,Standard – HP
CBHU7074537,40,HIGH,PNVO/WH686300,,COSCO SHIPPING CAPRICORN,ROTTERDAM,3/2/2021,21,21,630,"7.266,000",PRINTER,NA,5HG93A#B19,Huenxe,QINGDAO,P853183,REPLENISHMENT - PPS - KR20,Standard – HP,,JW00082105,3/21/2021,To be created,3/7/2021,,,,,,,,,,,,Standard – HP
CCLU7947913,40,HIGH,PNVO/WH684350,,COSCO SHIPPING CAPRICORN,ROTTERDAM,3/2/2021,21,21,630,"10.111,500",PRINTER,7002609473,W1A29A#B19,Huenxe,QINGDAO,P853155,REPLENISHMENT - PPS,Standard – HP,,JAW0085698,3/21/2021,To be created,3/7/2021,,,,,,,,,,,,Standard – HP
CSNU1767023,20,DRY,PNVO/SNZ1377800,,COSCO SHIPPING CAPRICON,ROTTERDAM,3/2/2021,10,10,350,"3.857,000",HP PRINTER,7002515261,1KR55B#BHC,Huenxe,LAEM CHABANG,18575576,REPLENISHMENT - PPS,Standard – HP,,INT0050761,3/21/2021,To be created,3/7/2021,,,,,,,,,,,PNVOSNZ1377800,Standard – HP
CSNU6543073,40,HIGH,PNVO/WH684350,,COSCO SHIPPING CAPRICORN,ROTTERDAM,3/2/2021,21,21,504,"11.333,952",PRINTER,7002548617,7KW74A#B19,Huenxe,QINGDAO,P851760,REPLENISHMENT - PPS,Standard – HP,,JAW0085626,3/21/2021,To be created,3/7/2021,,,,,,,,,,,,Standard – HP
CSNU7256313,40,HIGH,PNVO/WH686300,,COSCO SHIPPING CAPRICORN,ROTTERDAM,3/2/2021,22,22,660,"7.590,000",PRINTER,NA,5HG93A#B19,Huenxe,QINGDAO,P850657,REPLENISHMENT - PPS - KR20,Standard – HP,,JW00082104,3/21/2021,To be created,3/7/2021,,,,,,,,,,,,Standard – HP
CSNU7859997,40,HIGH,PNVO/SNZ1377800,,COSCO SHIPPING CAPRICON,ROTTERDAM,3/2/2021,26,26,936,"9.734,400",HP PRINTER,7002515284,1KR66B#BHC,Huenxe,LAEM CHABANG,18575566,REPLENISHMENT - PPS,Standard – HP,,INT0050741,3/21/2021,To be created,3/7/2021,,,,,,,,,,,PNVOSNZ1377800,Standard – HP
CSNU8081668,40,HIGH,PNVO/SNZ1377800,,COSCO SHIPPING CAPRICON,ROTTERDAM,3/2/2021,30,30,900,"8.820,000",HP PRINTER,7002515744,P4C85A#BHC,Huenxe,LAEM CHABANG,18575467,REPLENISHMENT - PPS,Standard – HP,,INT0050763,3/21/2021,To be created,3/7/2021,,,,,,,,,,,PNVOSNZ1377800,Standard – HP
FCIU5477819,20,DRY,PNVO/SNZ1377800,,COSCO SHIPPING CAPRICON,ROTTERDAM,3/2/2021,10,10,350,"3.857,000",HP PRINTER,7002515261,1KR55B#BHC,Huenxe,LAEM CHABANG,18575567,REPLENISHMENT - PPS,Standard – HP,,INT0050760,3/21/2021,To be created,3/7/2021,,,,,,,,,,,PNVOSNZ1377800,Standard – HP
OOCU7544080,40,HIGH,PNVO/SNZ1377800,,COSCO SHIPPING CAPRICON,ROTTERDAM,3/2/2021,22,22,1848,"11.341,176",HP PRINTER,7002515433,5SE16B#BHC,Huenxe,LAEM CHABANG,18575578,REPLENISHMENT - PPS,Standard – HP,,INT0050798,3/21/2021,To be created,3/7/2021,,,,,,,,,,,PNVOSNZ1377800,Standard – HP
TGBU8851759,40,HIGH,PNVO/WH684350,,COSCO SHIPPING CAPRICORN,ROTTERDAM,3/2/2021,21,21,630,"9.891,000",PRINTER,7002609515,3PZ75A#B19,Huenxe,QINGDAO,P853074,REPLENISHMENT - PPS,Standard – HP,,JAW0085692,3/21/2021,To be created,3/7/2021,,,,,,,,,,,,Standard – HP
TGBU8870255,40,HIGH,PNVO/WH686300,,COSCO SHIPPING CAPRICORN,ROTTERDAM,3/2/2021,22,22,660,"7.590,000",PRINTER,NA,5HG93A#B19,Huenxe,QINGDAO,P851793,REPLENISHMENT - PPS - KR20,Standard – HP,,JW00082103,3/21/2021,To be created,3/7/2021,,,,,,,,,,,,Standard – HP
TRHU4202478,40,HIGH,PNVO/WH684350,,COSCO SHIPPING CAPRICORN,ROTTERDAM,3/2/2021,21,21,630,"9.865,800",PRINTER,7002609511,3PZ55A#B19,Huenxe,QINGDAO,P851790,REPLENISHMENT - PPS,Standard – HP,,JAW0085668,3/21/2021,To be created,3/7/2021,,,,,,,,,,,,Standard – HP
TRHU4527642,40,HIGH,PNVO/SNZ1377800,,COSCO SHIPPING CAPRICON,ROTTERDAM,3/2/2021,24,24,1440,"10.349,280",HP PRINTER,7002515424,5SD78C#670,Huenxe,LAEM CHABANG,18575464,REPLENISHMENT - PPS,Standard – HP,,INT0050799,3/21/2021,To be created,3/7/2021,,,,,,,,,,,PNVOSNZ1377800,Standard – HP
UETU2492489,20,DRY,PNVO/SNZ1377800,,COSCO SHIPPING CAPRICON,ROTTERDAM,3/2/2021,10,10,350,"3.857,000",HP PRINTER,7002515261,1KR55B#BHC,Huenxe,LAEM CHABANG,18575445,REPLENISHMENT - PPS,Standard – HP,,INT0050759,3/21/2021,To be created,3/7/2021,,,,,,,,,,,PNVOSNZ1377800,Standard – HP
BMOU4734540,40,HIGH,PNVO/WH458370,,COSCO SHIPPING CAPRICORN,ROTTERDAM,3/2/2021,26,26,624,"7.238,400",SL-M2090FW/SEE,7002525892,4ZB84A#B19,Huenxe,QINGDAO,P851785,SDS,Standard – HP,,SDP1101288,3/21/2021,To be created,3/7/2021,,,,,,,,,,,9000029392,Standard – HP
CCLU7722521,40,HIGH,PNVO/WH458370,,COSCO SHIPPING CAPRICORN,ROTTERDAM,3/2/2021,22,22,1980,"11.286,000",SL-M2040/SEE,7002525856,4ZB77A#B19,Huenxe,QINGDAO,P851693,SDS,Standard – HP,,SDP1101287,3/21/2021,To be created,3/7/2021,,,,,,,,,,,9000029392,Standard – HP
CSNU8039138,40,HIGH,PNVO/WH455730,,COSCO SHIPPING CAPRICORN,ROTTERDAM,3/2/2021,170,170,246,"8.097,100",SL-M2040W/SEE SL-C431/SEE SL-C431W/SEE 8GR94A#B19 SL-K4250LX/HPH,7002525865 7002525897 7002525910 7002526050 7002526062,4ZB78A#B19 4ZB94A#B19 4ZB95A#B19 8GR94A#B19 X3A67A#B19,Huenxe,QINGDAO,P851703,SDS,Standard – HP,,SDP1101283 SDP1101284 SDP1101285 SDP1101281 SDP1101282,3/21/2021,To be created,3/7/2021,,,,,,,,,,,9000029391,Standard – HP
MAGU5527386,40,HIGH,PNVO/WH455730,,COSCO SHIPPING CAPRICORN,ROTTERDAM,3/2/2021,104,104,644,"7.672,800",SL-M2090FW/SEE SL-C431/SEE 6HU09A#B19 6HU12A#B19,7002525892 7002525897 7002525967 7002525987,4ZB84A#B19 4ZB94A#B19 6HU09A#B19 6HU12A#B19,Huenxe,QINGDAO,P851701,SDS,Standard – HP,,SDP1101280 SDP1101277 SDP1101278 SDP1101279,3/21/2021,To be created,3/7/2021,,,,,,,,,,,9000029391,Standard – HP
OOCU7036855,40,HIGH,PNVO/WH458370,,COSCO SHIPPING CAPRICORN,ROTTERDAM,3/2/2021,46,46,508,"8.464,800",SL-C481FW/SEE 6HU08A#B19,7002525928 7002525960,4ZB97A#B19 6HU08A#B19,Huenxe,QINGDAO,P851610,SDS,Standard – HP,,SDP1101290 SDP1101289,3/21/2021,To be created,3/7/2021,,,,,,,,,,,9000029392,Standard – HP
TCNU1322244,40,HIGH,PNVO/WH455730,,COSCO SHIPPING CAPRICORN,ROTTERDAM,3/2/2021,42,42,126,"4.693,500",8AF72A#B19,7002526042,8AF72A#B19,Huenxe,QINGDAO,P851704,SDS,Standard – HP,,SDP1101286,3/21/2021,To be created,3/7/2021,,,,,,,,,,,9000029391,Standard – HP
TEMU7323274,40,HIGH,PNVO/WH455730,,COSCO SHIPPING CAPRICORN,ROTTERDAM,3/2/2021,42,42,126,"3.878,280",8AF43A#B19 8AF71A#B19,7002526016 7002526031,8AF43A#B19 8AF71A#B19,Huenxe,QINGDAO,P851709,SDS,Standard – HP,,SDP1101275 SDP1101276,3/21/2021,To be created,3/7/2021,,,,,,,,,,,9000029391,Standard – HP
BMOU4808787,40,HIGH,PNVO/WH456060,,COSCO SHIPPING CAPRICORN,ROTTERDAM,3/2/2021,28,28,56,"7.467,040",SL-X7400GX/HPH,7002526064,X3A76A#B19,Huenxe,QINGDAO,P851798,SDS,Standard – HP,,SDP1101355,3/21/2021,To be created,3/7/2021,,,,,,,,,,,9000029405,Standard – HP
CSNU6748089,40,HIGH,PNVO/WH457080,,COSCO SHIPPING CAPRICORN,ROTTERDAM,3/2/2021,75,75,378,"6.554,820",SL-C431W/SEE 8AF52A#B19 SL-FIN701H/HPH,7002525910 7002526027 7002526127,4ZB95A#B19 8AF52A#B19 Y1G18A,Huenxe,QINGDAO,P853152,SDS,Standard – HP,,SDP1101484 SDP1101428 SDP1101485,3/21/2021,To be created,3/7/2021,,,,,,,,,,,9000029440,Standard – HP
CSNU7753515,40,HIGH,PNVO/WH457700,,COSCO SHIPPING CAPRICORN,ROTTERDAM,3/2/2021,39,39,78,"8.346,000",8GR94A#B19,7002526048,8GR94A#B19,Huenxe,QINGDAO,P851747,SDS,Standard – HP,,SDP1101453,3/21/2021,To be created,3/7/2021,,,,,,,,,,,9000029406,Standard – HP
OOCU8170154,40,HIGH,PNVO/WH456660,,COSCO SHIPPING CAPRICORN,ROTTERDAM,3/2/2021,140,140,684,"6.410,912",SL-C481FW/SEE SL-STP000/HPH SL-FIN701H/HPH SL-DPX501/HPH SCX-STP000/HPH,7002525928 7002526118 7002526129 7002526133 7002639069,4ZB97A#B19 Y1G14A Y1G18A Y1G23A Y1G13A,Huenxe,QINGDAO,P853104,SDS,Standard – HP,,SDP1101399 SDP1101398 SDP1101401 SDP1101400 SDP1101402,3/21/2021,To be created,3/7/2021,,,,,,,,,,,9000029408 9000029407,Standard – HP
OOLU8271182,40,HIGH,PNVO/WH456660,,COSCO SHIPPING CAPRICORN,ROTTERDAM,3/2/2021,81,81,980,"11.026,000",SL-M2040/SEE SL-C431/SEE SL-C431W/SEE,7002525856 7002525897 7002525910,4ZB77A#B19 4ZB94A#B19 4ZB95A#B19,Huenxe,QINGDAO,P853182,SDS,Standard – HP,,SDP1101392 SDP1101361 SDP1101393,3/21/2021,To be created,3/7/2021,,,,,,,,,,,9000029409,Standard – HP
OOLU8985359,40,HIGH,PNVO/WH456660,,COSCO SHIPPING CAPRICORN,ROTTERDAM,3/2/2021,44,44,1980,"11.358,900",SL-M2040/SEE SL-M2040W/SEE,7002525856 7002525862,4ZB77A#B19 4ZB78A#B19,Huenxe,QINGDAO,P853193,SDS,Standard – HP,,SDP1101395 SDP1101394,3/21/2021,To be created,3/7/2021,,,,,,,,,,,9000029409,Standard – HP
TCNU3897720,40,HIGH,PNVO/WH456060,,COSCO SHIPPING CAPRICORN,ROTTERDAM,3/2/2021,28,28,56,"7.467,040",SL-X7400GX/HPH,7002526064,X3A76A#B19,Huenxe,QINGDAO,P851648,SDS,Standard – HP,,SDP1101356,3/21/2021,To be created,3/7/2021,,,,,,,,,,,9000029405,Standard – HP
TGBU8866126,40,HIGH,PNVO/WH456060,,COSCO SHIPPING CAPRICORN,ROTTERDAM,3/2/2021,72,72,548,"9.004,800",SL-C481W/SEE SL-C481FW/SEE 6HU08A#B19,7002525915 7002525928 7002525960,4ZB96A#B19 4ZB97A#B19 6HU08A#B19,Huenxe,QINGDAO,P851794,SDS,Standard – HP,,SDP1101357 SDP1101359 SDP1101358,3/21/2021,To be created,3/7/2021,,,,,,,,,,,9000029405,Standard – HP
TGBU9265897,40,HIGH,PNVO/WH456060,,COSCO SHIPPING CAPRICORN,ROTTERDAM,3/2/2021,24,24,480,"8.352,000",SL-C481FW/SEE,7002525928,4ZB97A#B19,Huenxe,QINGDAO,P856614,SDS,Standard – HP,,SDP1101360,3/21/2021,To be created,3/7/2021,,,,,,,,,,,9000029405,Standard – HP
TLLU5733244,40,HIGH,PNVO/WH456660,,COSCO SHIPPING CAPRICORN,ROTTERDAM,3/2/2021,102,102,198,"7.526,200",SL-C481FW/SEE SL-HCF502B/HPH SL-FIN701B/HPH,7002525928 7002526100 7002526106,4ZB97A#B19 Y1F99A Y1G07A,Huenxe,QINGDAO,P853180,SDS,Standard – HP,,SDP1101397 SDP1101470 SDP1101471,3/21/2021,To be created,3/7/2021,,,,,,,,,,,9000029409,Standard – HP
TRHU5373916,40,HIGH,PNVO/WH457080,,COSCO SHIPPING CAPRICORN,ROTTERDAM,3/2/2021,30,30,90,"5.539,500",SL-FIN701H/HPH,7002526127,Y1G18A,Huenxe,QINGDAO,P853184,SDS,Standard – HP,,SDP1101483,3/21/2021,To be created,3/7/2021,,,,,,,,,,,9000029440,Standard – HP
CCLU7861390,40,HIGH,PNVO/WH457080,,COSCO SHIPPING CAPRICORN,ROTTERDAM,3/2/2021,28,28,56,"7.467,040",SL-X7400GX/HPH,7002526064,X3A76A#B19,Huenxe,QINGDAO,P853170,SDS,Standard – HP,,SDP1101429,3/21/2021,To be created,3/7/2021,,,,,,,,,,,9000029440,Standard – HP
DRYU9986308,40,HIGH,ONEY/HANB02835300,,YM WHOLESOME,ROTTERDAM,3/2/2021,42,42,1046,"10.552,400",HP LBP NW 4IN1 HP LBP Wireles HP LBP N 3IN1,52008887987002522342 52008888787002522314 52008888997002522353,G3Q59A#B19 G3Q35A#B19 G3Q74A#B19,Huenxe,HAIPHONG,VN974593A,CANON,Standard – HP,,52008887987002522342,3/21/2021,To be created,3/7/2021,,,,,,,,,,,2101100003593,Standard – HP
,,,,,,,,,,,,,,,,,,,,,,,,,,,,,,,,,,,, 
,,,,,,,,,,,,,,,,,,,,,,,,,,,,,,,,,,,, 
,,,,,,,,,,,,,,,,,,,,,,,,,,,,,,,,,,,, 
,,,,,,,,,,,,,,,,,,,,,,,,,,,,,,,,,,,, 
,,,,,,,,,,,,,,,,,,,,,,,,,,,,,,,,,,,, 
,,,,,,,,,,,,,,,,,,,,,,,,,,,,,,,,,,,, 
,,,,,,,,,,,,,,,,,,,,,,,,,,,,,,,,,,,, 
,,,,,,,,,,,,,,,,,,,,,,,,,,,,,,,,,,,, 
,,,,,,,,,,,,,,,,,,,,,,,,,,,,,,,,,,,, 
,,,,,,,,,,,,,,,,,,,,,,,,,,,,,,,,,,,, 
,,,,,,,,,,,,,,,,,,,,,,,,,,,,,,,,,,,, 
,,,,,,,,,,,,,,,,,,,,,,,,,,,,,,,,,,,, 
,,,,,,,,,,,,,,,,,,,,,,,,,,,,,,,,,,,, 
,,,,,,,,,,,,,,,,,,,,,,,,,,,,,,,,,,,, 
,,,,,,,,,,,,,,,,,,,,,,,,,,,,,,,,,,,, 
,,,,,,,,,,,,,,,,,,,,,,,,,,,,,,,,,,,, 
,,,,,,,,,,,,,,,,,,,,,,,,,,,,,,,,,,,, 
,,,,,,,,,,,,,,,,,,,,,,,,,,,,,,,,,,,, 
,,,,,,,,,,,,,,,,,,,,,,,,,,,,,,,,,,,, 
,,,,,,,,,,,,,,,,,,,,,,,,,,,,,,,,,,,, 
,,,,,,,,,,,,,,,,,,,,,,,,,,,,,,,,,,,, 
,,,,,,,,,,,,,,,,,,,,,,,,,,,,,,,,,,,, 
,,,,,,,,,,,,,,,,,,,,,,,,,,,,,,,,,,,, 
,,,,,,,,,,,,,,,,,,,,,,,,,,,,,,,,,,,, 
,,,,,,,,,,,,,,,,,,,,,,,,,,,,,,,,,,,, 
,,,,,,,,,,,,,,,,,,,,,,,,,,,,,,,,,,,, 
,,,,,,,,,,,,,,,,,,,,,,,,,,,,,,,,,,,, 
,,,,,,,,,,,,,,,,,,,,,,,,,,,,,,,,,,,, 
,,,,,,,,,,,,,,,,,,,,,,,,,,,,,,,,,,,, 
,,,,,,,,,,,,,,,,,,,,,,,,,,,,,,,,,,,, 
,,,,,,,,,,,,,,,,,,,,,,,,,,,,,,,,,,,, 
,,,,,,,,,,,,,,,,,,,,,,,,,,,,,,,,,,,, 
,,,,,,,,,,,,,,,,,,,,,,,,,,,,,,,,,,,, 
,,,,,,,,,,,,,,,,,,,,,,,,,,,,,,,,,,,, 
,,,,,,,,,,,,,,,,,,,,,,,,,,,,,,,,,,,, 
,,,,,,,,,,,,,,,,,,,,,,,,,,,,,,,,,,,, 
,,,,,,,,,,,,,,,,,,,,,,,,,,,,,,,,,,,, 
,,,,,,,,,,,,,,,,,,,,,,,,,,,,,,,,,,,, 
,,,,,,,,,,,,,,,,,,,,,,,,,,,,,,,,,,,, 
,,,,,,,,,,,,,,,,,,,,,,,,,,,,,,,,,,,, 
,,,,,,,,,,,,,,,,,,,,,,,,,,,,,,,,,,,, 
,,,,,,,,,,,,,,,,,,,,,,,,,,,,,,,,,,,, 
,,,,,,,,,,,,,,,,,,,,,,,,,,,,,,,,,,,, 
,,,,,,,,,,,,,,,,,,,,,,,,,,,,,,,,,,,, 
,,,,,,,,,,,,,,,,,,,,,,,,,,,,,,,,,,,, 
,,,,,,,,,,,,,,,,,,,,,,,,,,,,,,,,,,,, 
,,,,,,,,,,,,,,,,,,,,,,,,,,,,,,,,,,,, 
,,,,,,,,,,,,,,,,,,,,,,,,,,,,,,,,,,,, 
,,,,,,,,,,,,,,,,,,,,,,,,,,,,,,,,,,,, 
,,,,,,,,,,,,,,,,,,,,,,,,,,,,,,,,,,,, 
,,,,,,,,,,,,,,,,,,,,,,,,,,,,,,,,,,,, 
,,,,,,,,,,,,,,,,,,,,,,,,,,,,,,,,,,,, 
,,,,,,,,,,,,,,,,,,,,,,,,,,,,,,,,,,,, 
,,,,,,,,,,,,,,,,,,,,,,,,,,,,,,,,,,,, 
,,,,,,,,,,,,,,,,,,,,,,,,,,,,,,,,,,,, 
,,,,,,,,,,,,,,,,,,,,,,,,,,,,,,,,,,,, 
,,,,,,,,,,,,,,,,,,,,,,,,,,,,,,,,,,,, 
,,,,,,,,,,,,,,,,,,,,,,,,,,,,,,,,,,,, 
,,,,,,,,,,,,,,,,,,,,,,,,,,,,,,,,,,,, 
,,,,,,,,,,,,,,,,,,,,,,,,,,,,,,,,,,,, 
,,,,,,,,,,,,,,,,,,,,,,,,,,,,,,,,,,,, 
,,,,,,,,,,,,,,,,,,,,,,,,,,,,,,,,,,,, 
,,,,,,,,,,,,,,,,,,,,,,,,,,,,,,,,,,,, 
,,,,,,,,,,,,,,,,,,,,,,,,,,,,,,,,,,,, 
,,,,,,,,,,,,,,,,,,,,,,,,,,,,,,,,,,,, 
,,,,,,,,,,,,,,,,,,,,,,,,,,,,,,,,,,,, 
,,,,,,,,,,,,,,,,,,,,,,,,,,,,,,,,,,,, 
,,,,,,,,,,,,,,,,,,,,,,,,,,,,,,,,,,,, 
,,,,,,,,,,,,,,,,,,,,,,,,,,,,,,,,,,,, 
,,,,,,,,,,,,,,,,,,,,,,,,,,,,,,,,,,,, 
,,,,,,,,,,,,,,,,,,,,,,,,,,,,,,,,,,,, 
,,,,,,,,,,,,,,,,,,,,,,,,,,,,,,,,,,,, 
,,,,,,,,,,,,,,,,,,,,,,,,,,,,,,,,,,,, 
,,,,,,,,,,,,,,,,,,,,,,,,,,,,,,,,,,,, 
,,,,,,,,,,,,,,,,,,,,,,,,,,,,,,,,,,,, 
,,,,,,,,,,,,,,,,,,,,,,,,,,,,,,,,,,,, 
,,,,,,,,,,,,,,,,,,,,,,,,,,,,,,,,,,,, 
,,,,,,,,,,,,,,,,,,,,,,,,,,,,,,,,,,,, 
,,,,,,,,,,,,,,,,,,,,,,,,,,,,,,,,,,,, 
,,,,,,,,,,,,,,,,,,,,,,,,,,,,,,,,,,,, 
,,,,,,,,,,,,,,,,,,,,,,,,,,,,,,,,,,,, 
,,,,,,,,,,,,,,,,,,,,,,,,,,,,,,,,,,,, 
,,,,,,,,,,,,,,,,,,,,,,,,,,,,,,,,,,,, 
,,,,,,,,,,,,,,,,,,,,,,,,,,,,,,,,,,,, 
,,,,,,,,,,,,,,,,,,,,,,,,,,,,,,,,,,,, 
,,,,,,,,,,,,,,,,,,,,,,,,,,,,,,,,,,,, 
,,,,,,,,,,,,,,,,,,,,,,,,,,,,,,,,,,,, 
,,,,,,,,,,,,,,,,,,,,,,,,,,,,,,,,,,,, 
,,,,,,,,,,,,,,,,,,,,,,,,,,,,,,,,,,,, 
,,,,,,,,,,,,,,,,,,,,,,,,,,,,,,,,,,,, 
,,,,,,,,,,,,,,,,,,,,,,,,,,,,,,,,,,,, 